X,Y,OBJECTID,facilityid,name,fulladdr,municipality,agency,agencytype,phone,agencyurl,operhours,comments,Instructions,numvehicles,testcapacity,status,CreationDate,EditDate,Vetted,drive_through,appt_only,referral_required,services_offered_onsite,call_first,virtual_screening,health_dept_url,State,GlobalID,data_source,county,red_flag,vol_note,public_form,start_date,end_date,type_of_test,test_processing,fine_print,vehicle_required,facility_type,Outside_FID,filter,minimum_age,Same_Day_Results,take_home_test,Wheelchair_Accessible,Accessibility_Support,offers_vaccine,vaccine_url,minimum_age_vaccine,verified_date
-84.6548193,34.0761987,38146,,Walgreens,"6090 LAKE ACWORTH DR NW, ACWORTH, GA 30101",ACWORTH,Walgreens,Private,,https://www.walgreens.com/findcare/covid19/testing,by appointment only,"Testing is available at no cost to eligible individuals who meet criteria established by the Centers for Disease Control and Prevention (CDC) and state and federal guidelines. At the testing locations, Walgreens pharmacy team oversees patients’ self-administration of the COVID-19 test.",Take a quick screening survey on the website to see if you're eligible for testing.,,,Open,2020/10/12 22:04:59+00,2021/03/10 02:38:22+00,,Yes,Yes,No,testing only,No,Required,https://dph.georgia.gov/covid-19-daily-status-report,GA,{49490D2E-2D5D-468E-BD77-C730C1F87B0B},https://www.walgreens.com/findcare/covid19/testing,Cobb,no,,no,,,molecular,offsite lab,no,Yes,Retail,,,3,No,No,NA,Unknown,Yes,https://www.walgreens.com/topic/promotion/covid-vaccine.jsp,,
-82.0659946,33.4688703,38147,,Walgreens,"3228 WRIGHTSBORO RD, AUGUSTA, GA 30909",AUGUSTA,Walgreens,Private,,https://www.walgreens.com/findcare/covid19/testing,by appointment only,"Testing is available at no cost to eligible individuals who meet criteria established by the Centers for Disease Control and Prevention (CDC) and state and federal guidelines. At the testing locations, Walgreens pharmacy team oversees patients’ self-administration of the COVID-19 test.",Take a quick screening survey on the website to see if you're eligible for testing.,,,Open,2020/10/12 22:04:59+00,2021/03/10 02:38:22+00,,Yes,Yes,No,testing only,No,Required,https://dph.georgia.gov/covid-19-daily-status-report,GA,{A67A0E8C-371A-4AEC-8F46-CB2880C92DA7},https://www.walgreens.com/findcare/covid19/testing,Richmond,no,,no,,,molecular,offsite lab,no,Yes,Retail,,,3,No,No,NA,Unknown,Yes,https://www.walgreens.com/topic/promotion/covid-vaccine.jsp,,
-85.0794705,33.579156,38148,,Walgreens,"125 SOUTH PARK STREET, CARROLLTON, GA 30117",CARROLLTON,Walgreens,Private,,https://www.walgreens.com/findcare/covid19/testing,by appointment only,"Testing is available at no cost to eligible individuals who meet criteria established by the Centers for Disease Control and Prevention (CDC) and state and federal guidelines. At the testing locations, Walgreens pharmacy team oversees patients’ self-administration of the COVID-19 test.",Take a quick screening survey on the website to see if you're eligible for testing.,,,Open,2020/10/12 22:04:59+00,2021/03/10 02:38:22+00,,Yes,Yes,No,testing only,No,Required,https://dph.georgia.gov/covid-19-daily-status-report,GA,{8C1D31BB-169F-4632-8FDC-DE680F56D0D3},https://www.walgreens.com/findcare/covid19/testing,Carroll,no,,no,,,molecular,point-of-care,no,Yes,Retail,,,3,Yes,No,NA,Unknown,Yes,https://www.walgreens.com/topic/promotion/covid-vaccine.jsp,,
-84.1407516,33.9638729,38149,,Walgreens,"2325 PLEASANT HILL RD, DULUTH, GA 30096",DULUTH,Walgreens,Private,,https://www.walgreens.com/findcare/covid19/testing,by appointment only,"Testing is available at no cost to eligible individuals who meet criteria established by the Centers for Disease Control and Prevention (CDC) and state and federal guidelines. At the testing locations, Walgreens pharmacy team oversees patients’ self-administration of the COVID-19 test.",Take a quick screening survey on the website to see if you're eligible for testing.,,,Open,2020/10/12 22:04:59+00,2021/03/10 02:38:22+00,,Yes,Yes,No,testing only,No,Required,https://dph.georgia.gov/covid-19-daily-status-report,GA,{2D6DD147-6E79-46AB-88C0-5E8FD245CEB0},https://www.walgreens.com/findcare/covid19/testing,Gwinnett,no,,no,,,molecular,point-of-care,no,Yes,Retail,,,3,Yes,No,NA,Unknown,Yes,https://www.walgreens.com/topic/promotion/covid-vaccine.jsp,,
-84.3626253,33.6189079,38150,,Walgreens,"833 FOREST PKWY, FOREST PARK, GA 30297",FOREST PARK,Walgreens,Private,,https://www.walgreens.com/findcare/covid19/testing,by appointment only,"Testing is available at no cost to eligible individuals who meet criteria established by the Centers for Disease Control and Prevention (CDC) and state and federal guidelines. At the testing locations, Walgreens pharmacy team oversees patients’ self-administration of the COVID-19 test.",Take a quick screening survey on the website to see if you're eligible for testing.,,,Open,2020/10/12 22:04:59+00,2021/03/10 02:38:22+00,,Yes,Yes,No,testing only,No,Required,https://dph.georgia.gov/covid-19-daily-status-report,GA,{12F8C96B-FB40-4B4B-9A71-71305757A744},https://www.walgreens.com/findcare/covid19/testing,Clayton,no,,no,,,molecular,offsite lab,no,Yes,Retail,,,3,No,No,NA,Unknown,Yes,https://www.walgreens.com/topic/promotion/covid-vaccine.jsp,,
-84.5514571,33.9517575,38151,,Walgreens,"23 S MARIETTA PKWY SW, MARIETTA, GA 30064",MARIETTA,Walgreens,Private,,https://www.walgreens.com/findcare/covid19/testing,by appointment only,"Testing is available at no cost to eligible individuals who meet criteria established by the Centers for Disease Control and Prevention (CDC) and state and federal guidelines. At the testing locations, Walgreens pharmacy team oversees patients’ self-administration of the COVID-19 test.",Take a quick screening survey on the website to see if you're eligible for testing.,,,Open,2020/10/12 22:05:00+00,2021/03/10 02:38:22+00,,Yes,Yes,No,testing only,No,Required,https://dph.georgia.gov/covid-19-daily-status-report,GA,{08BBF3C2-1D29-48B0-9CA5-C67EF2513CF8},https://www.walgreens.com/findcare/covid19/testing,Cobb,no,,no,,,molecular,offsite lab,no,Yes,Retail,,,3,No,No,NA,Unknown,Yes,https://www.walgreens.com/topic/promotion/covid-vaccine.jsp,,
-84.5386447,33.8947617,38152,,Walgreens,"2390 S COBB DR SE, SMYRNA, GA 30080",SMYRNA,Walgreens,Private,,https://www.walgreens.com/findcare/covid19/testing,by appointment only,"Testing is available at no cost to eligible individuals who meet criteria established by the Centers for Disease Control and Prevention (CDC) and state and federal guidelines. At the testing locations, Walgreens pharmacy team oversees patients’ self-administration of the COVID-19 test.",Take a quick screening survey on the website to see if you're eligible for testing.,,,Open,2020/10/12 22:05:00+00,2021/03/27 01:08:49+00,,Yes,Yes,No,testing only,No,Required,https://dph.georgia.gov/covid-19-daily-status-report,GA,{B6A90610-5F48-4E26-B617-AD55FDD3106D},https://www.walgreens.com/findcare/covid19/testing,Cobb,no,,no,,,molecular,offsite lab,no,Yes,Retail,,,3,No,No,NA,Unknown,Yes,https://www.walgreens.com/topic/promotion/covid-vaccine.jsp,,
-83.3237414,30.8475481,38153,,Walgreens,"1800 BAYTREE RD, VALDOSTA, GA 31602",VALDOSTA,Walgreens,Private,,https://www.walgreens.com/findcare/covid19/testing,by appointment only,"Testing is available at no cost to eligible individuals who meet criteria established by the Centers for Disease Control and Prevention (CDC) and state and federal guidelines. At the testing locations, Walgreens pharmacy team oversees patients’ self-administration of the COVID-19 test.",Take a quick screening survey on the website to see if you're eligible for testing.,,,Open,2020/10/12 22:05:00+00,2021/03/10 02:38:22+00,,Yes,Yes,No,testing only,No,Required,https://dph.georgia.gov/covid-19-daily-status-report,GA,{9CF085AD-BE63-4504-8330-DBD5300FD08E},https://www.walgreens.com/findcare/covid19/testing,Lowndes,no,,no,,,molecular,offsite lab,no,Yes,Retail,,,3,No,No,NA,Unknown,Yes,https://www.walgreens.com/topic/promotion/covid-vaccine.jsp,,
-83.40918826,33.95072601,49100,,Walgreens,"110 HAWTHORNE AVE, ATHENS, Georgia 30606",ATHENS,"Walgreens, Labcorp & Abbott",Private,,https://www.walgreens.com/findcare/covid19/testing?ban=covid_hp_cause2,By Appointment,,,,,Open,2021/01/16 21:04:44+00,2021/05/27 00:37:30+00,,Yes,Yes,No,testing only,,Required,https://dph.georgia.gov/novelcoronavirus,GA,{18173455-402A-40E5-8B56-50265F96867A},https://www.walgreens.com/findcaresvc/svc/v2/scheduling/locations/search?o=acs,Clarke,no,,no,,,molecular,offsite lab,no,Yes,Retail,,,,No,No,Unknown,Unknown,Yes,https://www.walgreens.com/topic/promotion/covid-vaccine.jsp,,
-84.51323427,33.65617538,49101,,Walgreens,"3800 PRINCETON LAKES PKWY SW, ATLANTA, Georgia 30331",ATLANTA,"Walgreens, Labcorp & Abbott",Private,,https://www.walgreens.com/findcare/covid19/testing?ban=covid_hp_cause2,By Appointment,,,,,Open,2021/01/16 21:04:44+00,2021/05/27 00:37:30+00,,Yes,Yes,No,testing only,,Required,https://dph.georgia.gov/novelcoronavirus,GA,{77F21355-C645-4EF4-BAF3-277544C63C6F},https://www.walgreens.com/findcaresvc/svc/v2/scheduling/locations/search?o=acs,Fulton,no,,no,,,antigen,point-of-care,no,Yes,Retail,,,,Yes,No,Unknown,Unknown,Yes,https://www.walgreens.com/topic/promotion/covid-vaccine.jsp,,
-84.40810541,33.68106067,49102,,Walgreens,"2711 METROPOLITAN PKWY SW, ATLANTA, Georgia 30315",ATLANTA,"Walgreens, Labcorp & Abbott",Private,,https://www.walgreens.com/findcare/covid19/testing?ban=covid_hp_cause2,By Appointment,,,,,Open,2021/01/16 21:04:44+00,2021/05/27 00:37:30+00,,Yes,Yes,No,testing only,,Required,https://dph.georgia.gov/novelcoronavirus,GA,{9AECCA02-256C-4C0F-9BC6-8E3931112703},https://www.walgreens.com/findcaresvc/svc/v2/scheduling/locations/search?o=acs,Fulton,no,,no,,,molecular,offsite lab,no,Yes,Retail,,,,No,No,Unknown,Unknown,Yes,https://www.walgreens.com/topic/promotion/covid-vaccine.jsp,,
-83.96273041,34.87118811,49103,,Walgreens,"363 BLUE RIDGE STREET, BLAIRSVILLE, Georgia 30512",BLAIRSVILLE,"Walgreens, Labcorp & Abbott",Private,,https://www.walgreens.com/findcare/covid19/testing?ban=covid_hp_cause2,By Appointment,,,,,Open,2021/01/16 21:04:45+00,2021/05/27 00:37:30+00,,Yes,Yes,No,testing only,,Required,https://dph.georgia.gov/novelcoronavirus,GA,{8CA988E9-BBE7-46DA-A0D2-B1D53FDD10DD},https://www.walgreens.com/findcaresvc/svc/v2/scheduling/locations/search?o=acs,Union,no,,no,,,molecular,offsite lab,no,Yes,Retail,,,,No,No,Unknown,Unknown,Yes,https://www.walgreens.com/topic/promotion/covid-vaccine.jsp,,
-85.14589159,33.7199809,49104,,Walgreens,"201 PACIFIC AVE, BREMEN, Georgia 30110",BREMEN,"Walgreens, Labcorp & Abbott",Private,,https://www.walgreens.com/findcare/covid19/testing?ban=covid_hp_cause2,By Appointment,,,,,Open,2021/01/16 21:04:45+00,2021/05/27 00:37:30+00,,Yes,Yes,No,testing only,,Required,https://dph.georgia.gov/novelcoronavirus,GA,{B07A9E2B-02EA-4DCE-BA79-1827D0B313B5},https://www.walgreens.com/findcaresvc/svc/v2/scheduling/locations/search?o=acs,Haralson,no,,no,,,antigen,point-of-care,no,Yes,Retail,,,,Yes,No,Unknown,Unknown,Yes,https://www.walgreens.com/topic/promotion/covid-vaccine.jsp,,
-84.46841558,33.58816242,49105,,Walgreens,"6120 OLD NATIONAL HWY, COLLEGE PARK, Georgia 30349",COLLEGE PARK,"Walgreens, Labcorp & Abbott",Private,,https://www.walgreens.com/findcare/covid19/testing?ban=covid_hp_cause2,By Appointment,,,,,Open,2021/01/16 21:04:45+00,2021/05/27 00:37:30+00,,Yes,Yes,No,testing only,,Required,https://dph.georgia.gov/novelcoronavirus,GA,{EDFF654E-505B-42F9-9FB4-CE2DE09981CA},https://www.walgreens.com/findcaresvc/svc/v2/scheduling/locations/search?o=acs,Fulton,no,,no,,,molecular,offsite lab,no,Yes,Retail,,,,No,No,Unknown,Unknown,Yes,https://www.walgreens.com/topic/promotion/covid-vaccine.jsp,,
-84.95423142,32.4720319,49106,,Walgreens,"2510 WYNNTON RD, COLUMBUS, Georgia 31906",COLUMBUS,"Walgreens, Labcorp & Abbott",Private,,https://www.walgreens.com/findcare/covid19/testing?ban=covid_hp_cause2,By Appointment,,,,,Open,2021/01/16 21:04:45+00,2021/05/27 00:37:30+00,,Yes,Yes,No,testing only,,Required,https://dph.georgia.gov/novelcoronavirus,GA,{D8415A0A-60AD-46FE-A888-8EEB05CBE247},https://www.walgreens.com/findcaresvc/svc/v2/scheduling/locations/search?o=acs,Muscogee,no,,no,,,molecular,offsite lab,no,Yes,Retail,,,,No,No,Unknown,Unknown,Yes,https://www.walgreens.com/topic/promotion/covid-vaccine.jsp,,
-84.01509545,33.63856451,49107,,Walgreens,"1783 HIGHWAY 138 SE, CONYERS, Georgia 30013",CONYERS,"Walgreens, Labcorp & Abbott",Private,,https://www.walgreens.com/findcare/covid19/testing?ban=covid_hp_cause2,By Appointment,,,,,Open,2021/01/16 21:04:45+00,2021/05/27 00:37:30+00,,Yes,Yes,No,testing only,,Required,https://dph.georgia.gov/novelcoronavirus,GA,{855FA54B-DB9E-403F-9BD7-047E4D6E3529},https://www.walgreens.com/findcaresvc/svc/v2/scheduling/locations/search?o=acs,Rockdale,no,,no,,,molecular,offsite lab,no,Yes,Retail,,,,No,No,Unknown,Unknown,Yes,https://www.walgreens.com/topic/promotion/covid-vaccine.jsp,,
-83.90981154,34.00090849,49108,,Walgreens,"575 DACULA RD, DACULA, Georgia 30019",DACULA,"Walgreens, Labcorp & Abbott",Private,,https://www.walgreens.com/findcare/covid19/testing?ban=covid_hp_cause2,By Appointment,,,,,Open,2021/01/16 21:04:46+00,2021/05/27 00:37:30+00,,Yes,Yes,No,testing only,,Required,https://dph.georgia.gov/novelcoronavirus,GA,{DA32CA11-CD0D-4430-818B-CEAEF7EBD9DC},https://www.walgreens.com/findcaresvc/svc/v2/scheduling/locations/search?o=acs,Gwinnett,no,,no,,,antigen,point-of-care,no,Yes,Retail,,,,Yes,No,Unknown,Unknown,Yes,https://www.walgreens.com/topic/promotion/covid-vaccine.jsp,,
-84.82359871,33.90817468,49109,,Walgreens,"303 CHARLIE WATTS DR, DALLAS, Georgia 30157",DALLAS,"Walgreens, Labcorp & Abbott",Private,,https://www.walgreens.com/findcare/covid19/testing?ban=covid_hp_cause2,By Appointment,,,,,Open,2021/01/16 21:04:46+00,2021/05/27 00:37:30+00,,Yes,Yes,No,testing only,,Required,https://dph.georgia.gov/novelcoronavirus,GA,{5751EF34-F077-4B7A-9872-F040BE9349CF},https://www.walgreens.com/findcaresvc/svc/v2/scheduling/locations/search?o=acs,Paulding,no,,no,,,molecular,offsite lab,no,Yes,Retail,,,,No,No,Unknown,Unknown,Yes,https://www.walgreens.com/topic/promotion/covid-vaccine.jsp,,
-84.28354815,33.73130006,49110,,Walgreens,"2035 CANDLER RD, DECATUR, Georgia 30032",DECATUR,"Walgreens, Labcorp & Abbott",Private,,https://www.walgreens.com/findcare/covid19/testing?ban=covid_hp_cause2,By Appointment,,,,,Open,2021/01/16 21:04:46+00,2021/05/27 00:37:30+00,,Yes,Yes,No,testing only,,Required,https://dph.georgia.gov/novelcoronavirus,GA,{902237C8-FE23-4B26-A39C-230F91EC2051},https://www.walgreens.com/findcaresvc/svc/v2/scheduling/locations/search?o=acs,Dekalb,no,,no,,,molecular,offsite lab,no,Yes,Retail,,,,No,No,Unknown,Unknown,Yes,https://www.walgreens.com/topic/promotion/covid-vaccine.jsp,,
-82.84998672,31.50105338,49111,,Walgreens,"602 PETERSON AVE S, DOUGLAS, Georgia 31533",DOUGLAS,"Walgreens, Labcorp & Abbott",Private,,https://www.walgreens.com/findcare/covid19/testing?ban=covid_hp_cause2,By Appointment,,,,,Open,2021/01/16 21:04:46+00,2021/05/27 00:37:30+00,,Yes,Yes,No,testing only,,Required,https://dph.georgia.gov/novelcoronavirus,GA,{9D2DB0D8-9508-4A8D-8CF0-37672794DCAF},https://www.walgreens.com/findcaresvc/svc/v2/scheduling/locations/search?o=acs,Coffee,no,,no,,,molecular,offsite lab,no,Yes,Retail,,,,No,No,Unknown,Unknown,Yes,https://www.walgreens.com/topic/promotion/covid-vaccine.jsp,,
-84.67017355,33.73285235,49112,,Walgreens,"2701 FAIRBURN RD, DOUGLASVILLE, Georgia 30135",DOUGLASVILLE,"Walgreens, Labcorp & Abbott",Private,,https://www.walgreens.com/findcare/covid19/testing?ban=covid_hp_cause2,By Appointment,,,,,Open,2021/01/16 21:04:46+00,2021/05/27 00:37:30+00,,Yes,Yes,No,testing only,,Required,https://dph.georgia.gov/novelcoronavirus,GA,{859B371B-3401-4795-8384-23B899C70E4F},https://www.walgreens.com/findcaresvc/svc/v2/scheduling/locations/search?o=acs,Douglas,no,,no,,,antigen,point-of-care,no,Yes,Retail,,,,Yes,No,Unknown,Unknown,Yes,https://www.walgreens.com/topic/promotion/covid-vaccine.jsp,,
-84.12204178,33.94166649,49113,,Walgreens,"1490 PLEASANT HILL RD, DULUTH, Georgia 30096",DULUTH,"Walgreens, Labcorp & Abbott",Private,,https://www.walgreens.com/findcare/covid19/testing?ban=covid_hp_cause2,By Appointment,,,,,Open,2021/01/16 21:04:46+00,2021/05/27 00:37:30+00,,Yes,Yes,No,testing only,,Required,https://dph.georgia.gov/novelcoronavirus,GA,{1D10AD16-0F03-4CBB-9290-07736F55CAF2},https://www.walgreens.com/findcaresvc/svc/v2/scheduling/locations/search?o=acs,Gwinnett,no,,no,,,antigen,point-of-care,no,Yes,Retail,,,,Yes,No,Unknown,Unknown,Yes,https://www.walgreens.com/topic/promotion/covid-vaccine.jsp,,
-83.84205525,34.28975639,49114,,Walgreens,"649 SHALLOWFORD RD NW, GAINESVILLE, Georgia 30504",GAINESVILLE,"Walgreens, Labcorp & Abbott",Private,,https://www.walgreens.com/findcare/covid19/testing?ban=covid_hp_cause2,By Appointment,,,,,Open,2021/01/16 21:04:47+00,2021/05/27 00:37:30+00,,Yes,Yes,No,testing only,,Required,https://dph.georgia.gov/novelcoronavirus,GA,{8F0186D5-7331-4E93-A8E9-99CA4F949F78},https://www.walgreens.com/findcaresvc/svc/v2/scheduling/locations/search?o=acs,Hall,no,,no,,,molecular,offsite lab,no,Yes,Retail,,,,No,No,Unknown,Unknown,Yes,https://www.walgreens.com/topic/promotion/covid-vaccine.jsp,,
-81.88599832,31.60712393,49115,,Walgreens,"102 S 1ST ST, JESUP, Georgia 31545",JESUP,"Walgreens, Labcorp & Abbott",Private,,https://www.walgreens.com/findcare/covid19/testing?ban=covid_hp_cause2,By Appointment,,,,,Open,2021/01/16 21:04:47+00,2021/05/27 00:37:30+00,,Yes,Yes,No,testing only,,Required,https://dph.georgia.gov/novelcoronavirus,GA,{90AADE42-B21F-4468-8AF0-352EB51843D7},https://www.walgreens.com/findcaresvc/svc/v2/scheduling/locations/search?o=acs,Wayne,no,,no,,,molecular,offsite lab,no,Yes,Retail,,,,No,No,Unknown,Unknown,Yes,https://www.walgreens.com/topic/promotion/covid-vaccine.jsp,,
-84.36611951,33.53813203,49116,,Walgreens,"7935 TARA BLVD, JONESBORO, Georgia 30236",JONESBORO,"Walgreens, Labcorp & Abbott",Private,,https://www.walgreens.com/findcare/covid19/testing?ban=covid_hp_cause2,By Appointment,,,,,Open,2021/01/16 21:04:47+00,2021/05/27 00:37:30+00,,Yes,Yes,No,testing only,,Required,https://dph.georgia.gov/novelcoronavirus,GA,{CD7AFE59-5F1B-4A00-9BA7-FA0172EBFBE4},https://www.walgreens.com/findcaresvc/svc/v2/scheduling/locations/search?o=acs,Clayton,no,,no,,,molecular,offsite lab,no,Yes,Retail,,,,No,No,Unknown,Unknown,Yes,https://www.walgreens.com/topic/promotion/covid-vaccine.jsp,,
-84.16184218,33.88377534,49117,,Walgreens,"5455 LAWRENCEVILLE HWY NW, LILBURN, Georgia 30047",LILBURN,"Walgreens, Labcorp & Abbott",Private,,https://www.walgreens.com/findcare/covid19/testing?ban=covid_hp_cause2,By Appointment,,,,,Open,2021/01/16 21:04:47+00,2021/05/27 00:37:30+00,,Yes,Yes,No,testing only,,Required,https://dph.georgia.gov/novelcoronavirus,GA,{767EF74D-5240-45C3-A22C-649E518EA12D},https://www.walgreens.com/findcaresvc/svc/v2/scheduling/locations/search?o=acs,Gwinnett,no,,no,,,molecular,offsite lab,no,Yes,Retail,,,,No,No,Unknown,Unknown,Yes,https://www.walgreens.com/topic/promotion/covid-vaccine.jsp,,
-84.76164438,33.39616371,49118,,Walgreens,"1 MILLARD FARMER IND BLVD, NEWNAN, Georgia 30263",NEWNAN,"Walgreens, Labcorp & Abbott",Private,,https://www.walgreens.com/findcare/covid19/testing?ban=covid_hp_cause2,By Appointment,,,,,Open,2021/01/16 21:04:47+00,2021/05/27 00:37:30+00,,Yes,Yes,No,testing only,,Required,https://dph.georgia.gov/novelcoronavirus,GA,{0669769C-7D7A-43BC-BE3E-E07756C6966C},https://www.walgreens.com/findcaresvc/svc/v2/scheduling/locations/search?o=acs,Coweta,no,,no,,,antigen,point-of-care,no,Yes,Retail,,,,Yes,No,Unknown,Unknown,Yes,https://www.walgreens.com/topic/promotion/covid-vaccine.jsp,,
-81.09721942,32.02577584,49119,,Walgreens,"700 E DE RENNE AVE, SAVANNAH, Georgia 31405",SAVANNAH,"Walgreens, Labcorp & Abbott",Private,,https://www.walgreens.com/findcare/covid19/testing?ban=covid_hp_cause2,By Appointment,,,,,Open,2021/01/16 21:04:48+00,2021/05/27 00:37:30+00,,Yes,Yes,No,testing only,,Required,https://dph.georgia.gov/novelcoronavirus,GA,{AFC8EAD5-AF01-428D-9DCB-F3ADABFFDAE9},https://www.walgreens.com/findcaresvc/svc/v2/scheduling/locations/search?o=acs,Chatham,no,,no,,,molecular,offsite lab,no,Yes,Retail,,,,No,No,Unknown,Unknown,Yes,https://www.walgreens.com/topic/promotion/covid-vaccine.jsp,,
-84.14523983,33.71692792,49120,,Walgreens,"6671 COVINGTON HWY, STONECREST, Georgia 30058",STONECREST,"Walgreens, Labcorp & Abbott",Private,,https://www.walgreens.com/findcare/covid19/testing?ban=covid_hp_cause2,By Appointment,,,,,Open,2021/01/16 21:04:48+00,2021/05/27 00:37:30+00,,Yes,Yes,No,testing only,,Required,https://dph.georgia.gov/novelcoronavirus,GA,{25DC2CE3-CFCE-436B-849F-4DD977511312},https://www.walgreens.com/findcaresvc/svc/v2/scheduling/locations/search?o=acs,Dekalb,no,,no,,,molecular,offsite lab,no,Yes,Retail,,,,No,No,Unknown,Unknown,Yes,https://www.walgreens.com/topic/promotion/covid-vaccine.jsp,,
-82.32902436,32.59047628,49121,,Walgreens,"390 S MAIN ST, SWAINSBORO, Georgia 30401",SWAINSBORO,"Walgreens, Labcorp & Abbott",Private,,https://www.walgreens.com/findcare/covid19/testing?ban=covid_hp_cause2,By Appointment,,,,,Open,2021/01/16 21:04:48+00,2021/05/27 00:37:30+00,,Yes,Yes,No,testing only,,Required,https://dph.georgia.gov/novelcoronavirus,GA,{D3C960F6-1DFE-4AE5-9D36-F382B88AE05C},https://www.walgreens.com/findcaresvc/svc/v2/scheduling/locations/search?o=acs,Emanuel,no,,no,,,molecular,offsite lab,no,Yes,Retail,,,,No,No,Unknown,Unknown,Yes,https://www.walgreens.com/topic/promotion/covid-vaccine.jsp,,
-84.32886589,32.90239403,49122,,Walgreens,"634 N CHURCH ST, THOMASTON, Georgia 30286",THOMASTON,"Walgreens, Labcorp & Abbott",Private,,https://www.walgreens.com/findcare/covid19/testing?ban=covid_hp_cause2,By Appointment,,,,,Open,2021/01/16 21:04:48+00,2021/05/27 00:37:30+00,,Yes,Yes,No,testing only,,Required,https://dph.georgia.gov/novelcoronavirus,GA,{B7852DC5-23F1-4F22-AFD4-24B042273928},https://www.walgreens.com/findcaresvc/svc/v2/scheduling/locations/search?o=acs,Upson,no,,no,,,molecular,offsite lab,no,Yes,Retail,,,,No,No,Unknown,Unknown,Yes,https://www.walgreens.com/topic/promotion/covid-vaccine.jsp,,
-84.51052597,33.72322385,49898,,Walgreens,"3740 CASCADE RD SW, ATLANTA, Georgia 30331",ATLANTA,"Walgreens, Labcorp & Abbott",Private,,https://www.walgreens.com/findcare/covid19/testing?ban=covid_hp_cause2,By Appointment,,,,,Open,2021/01/17 03:41:00+00,2021/05/27 00:37:30+00,,Yes,Yes,No,testing only,,Required,https://dph.georgia.gov/novelcoronavirus,GA,{DE240124-31F0-426A-899E-0D633960D2BB},https://www.walgreens.com/findcaresvc/svc/v2/scheduling/locations/search?o=acs,Fulton,no,,no,,,molecular,offsite lab,no,Yes,Retail,,,,No,No,Unknown,Unknown,Yes,https://www.walgreens.com/topic/promotion/covid-vaccine.jsp,,
-81.9881786,33.47563259,49899,,Walgreens,"1505 WALTON WAY, AUGUSTA, Georgia 30904",AUGUSTA,"Walgreens, Labcorp & Abbott",Private,,https://www.walgreens.com/findcare/covid19/testing?ban=covid_hp_cause2,By Appointment,,,,,Open,2021/01/17 03:41:00+00,2021/05/27 00:37:30+00,,Yes,Yes,No,testing only,,Required,https://dph.georgia.gov/novelcoronavirus,GA,{BC869A5D-B7E7-4F6A-9056-B7FD56A5EF5F},https://www.walgreens.com/findcaresvc/svc/v2/scheduling/locations/search?o=acs,Richmond,no,,no,,,molecular,offsite lab,no,Yes,Retail,,,,No,No,Unknown,Unknown,Yes,https://www.walgreens.com/topic/promotion/covid-vaccine.jsp,,
-84.32499402,33.89213019,49900,,Walgreens,"2154 JOHNSON FERRY RD NE, BROOKHAVEN, Georgia 30319",BROOKHAVEN,"Walgreens, Labcorp & Abbott",Private,,https://www.walgreens.com/findcare/covid19/testing?ban=covid_hp_cause2,By Appointment,,,,,Open,2021/01/17 03:41:00+00,2021/05/27 00:37:30+00,,Yes,Yes,No,testing only,,Required,https://dph.georgia.gov/novelcoronavirus,GA,{62FEFC25-BF1B-4A76-8272-93439366ADD6},https://www.walgreens.com/findcaresvc/svc/v2/scheduling/locations/search?o=acs,Dekalb,no,,no,,,molecular,offsite lab,no,Yes,Retail,,,,No,No,Unknown,Unknown,Yes,https://www.walgreens.com/topic/promotion/covid-vaccine.jsp,,
-84.9320057,34.76299454,49901,,Walgreens,"2225 E WALNUT AVE, DALTON, Georgia 30721",DALTON,"Walgreens, Labcorp & Abbott",Private,,https://www.walgreens.com/findcare/covid19/testing?ban=covid_hp_cause2,By Appointment,,,,,Open,2021/01/17 03:41:01+00,2021/05/27 00:37:30+00,,Yes,Yes,No,testing only,,Required,https://dph.georgia.gov/novelcoronavirus,GA,{D5D78E97-BC55-4B26-9CCA-7FEDB0060F21},https://www.walgreens.com/findcaresvc/svc/v2/scheduling/locations/search?o=acs,Whitfield,no,,no,,,molecular,offsite lab,no,Yes,Retail,,,,No,No,Unknown,Unknown,Yes,https://www.walgreens.com/topic/promotion/covid-vaccine.jsp,,
-84.33505232,33.94870435,49902,,Walgreens,"5511 CHAMBLEE DUNWOODY RD, DUNWOODY, Georgia 30338",DUNWOODY,"Walgreens, Labcorp & Abbott",Private,,https://www.walgreens.com/findcare/covid19/testing?ban=covid_hp_cause2,By Appointment,,,,,Open,2021/01/17 03:41:01+00,2021/05/27 00:37:30+00,,Yes,Yes,No,testing only,,Required,https://dph.georgia.gov/novelcoronavirus,GA,{613F544E-CED4-46ED-B9CA-767D1FC6C603},https://www.walgreens.com/findcaresvc/svc/v2/scheduling/locations/search?o=acs,Dekalb,no,,no,,,molecular,offsite lab,no,Yes,Retail,,,,No,No,Unknown,Unknown,Yes,https://www.walgreens.com/topic/promotion/covid-vaccine.jsp,,
-83.98685565,33.94745403,49903,,Walgreens,"181 S CLAYTON ST, LAWRENCEVILLE, Georgia 30046",LAWRENCEVILLE,"Walgreens, Labcorp & Abbott",Private,,https://www.walgreens.com/findcare/covid19/testing?ban=covid_hp_cause2,By Appointment,,,,,Open,2021/01/17 03:41:01+00,2021/05/27 00:37:30+00,,Yes,Yes,No,testing only,,Required,https://dph.georgia.gov/novelcoronavirus,GA,{876A636D-0887-4046-9341-BAC0CE9E34DB},https://www.walgreens.com/findcaresvc/svc/v2/scheduling/locations/search?o=acs,Gwinnett,no,,no,,,molecular,offsite lab,no,Yes,Retail,,,,No,No,Unknown,Unknown,Yes,https://www.walgreens.com/topic/promotion/covid-vaccine.jsp,,
-83.71033482,32.82621517,49904,,Walgreens,"4305 MERCER UNIVERSITY DR, MACON, Georgia 31206",MACON,"Walgreens, Labcorp & Abbott",Private,,https://www.walgreens.com/findcare/covid19/testing?ban=covid_hp_cause2,By Appointment,,,,,Open,2021/01/17 03:41:01+00,2021/05/27 00:37:30+00,,Yes,Yes,No,testing only,,Required,https://dph.georgia.gov/novelcoronavirus,GA,{0EBB5B3A-CDE4-4AD4-9D81-E0888D92D357},https://www.walgreens.com/findcaresvc/svc/v2/scheduling/locations/search?o=acs,Bibb,no,,no,,,molecular,offsite lab,no,Yes,Retail,,,,No,No,Unknown,Unknown,Yes,https://www.walgreens.com/topic/promotion/covid-vaccine.jsp,,
-83.76102268,31.17675413,49905,,Walgreens,"2025 1ST AVE SE, MOULTRIE, Georgia 31788",MOULTRIE,"Walgreens, Labcorp & Abbott",Private,,https://www.walgreens.com/findcare/covid19/testing?ban=covid_hp_cause2,By Appointment,,,,,Open,2021/01/17 03:41:02+00,2021/05/27 00:37:30+00,,Yes,Yes,No,testing only,,Required,https://dph.georgia.gov/novelcoronavirus,GA,{4578F3C6-460E-4111-B293-F23701AC444C},https://www.walgreens.com/findcaresvc/svc/v2/scheduling/locations/search?o=acs,Colquitt,no,,no,,,molecular,offsite lab,no,Yes,Retail,,,,No,No,Unknown,Unknown,Yes,https://www.walgreens.com/topic/promotion/covid-vaccine.jsp,,
-83.1244603,34.28409968,49906,,Walgreens,"859 FRANKLIN SPRINGS STREET, ROYSTON, Georgia 30662",ROYSTON,"Walgreens, Labcorp & Abbott",Private,,https://www.walgreens.com/findcare/covid19/testing?ban=covid_hp_cause2,By Appointment,,,,,Open,2021/01/17 03:41:02+00,2021/05/27 00:37:30+00,,Yes,Yes,No,testing only,,Required,https://dph.georgia.gov/novelcoronavirus,GA,{70E79CBC-7D15-4688-B416-2AE8141BCC2D},https://www.walgreens.com/findcaresvc/svc/v2/scheduling/locations/search?o=acs,Franklin,no,,no,,,molecular,offsite lab,no,Yes,Retail,,,,No,No,Unknown,Unknown,Yes,https://www.walgreens.com/topic/promotion/covid-vaccine.jsp,,
-84.33000671,33.82826042,52939,,Walgreens,"2320 N DRUID HILLS RD NE, BROOKHAVEN, Georgia 30329",BROOKHAVEN,Walgreens,Private,800-925-4733,https://www.walgreens.com/findcare/covid19/testing?ban=covid_hp_cause2,by appointment only,,,,,Open,2021/02/04 23:20:40+00,2021/05/27 00:37:30+00,,Yes,Yes,No,testing only,No,Required,https://dph.georgia.gov/novelcoronavirus,GA,{67606986-EF7E-4F1B-AEA2-B0BC31277A3A},https://www.walgreens.com/findcaresvc/svc/v2/scheduling/locations/search?o=acs,DEKALB,no,,no,,,molecular,offsite lab,no,Yes,Retail,,,,No,No,,,,,,
-84.71664673,33.70060981,52940,,Walgreens,"3851 CHAPEL HILL RD, DOUGLASVILLE, Georgia 30135",DOUGLASVILLE,Walgreens,Private,800-925-4733,https://www.walgreens.com/findcare/covid19/testing?ban=covid_hp_cause2,by appointment only,,,,,Open,2021/02/04 23:20:41+00,2021/05/27 00:37:30+00,,Yes,Yes,No,testing only,No,Required,https://dph.georgia.gov/novelcoronavirus,GA,{530A3D02-E369-41B8-9E44-B3F99DB8807D},https://www.walgreens.com/findcaresvc/svc/v2/scheduling/locations/search?o=acs,DOUGLAS,no,,no,,,molecular,offsite lab,no,Yes,Retail,,,,No,No,,,,,,
-84.62264895,33.78983967,52941,,Walgreens,"590 THORNTON RD, LITHIA SPRINGS, Georgia 30122",LITHIA SPRINGS,Walgreens,Private,800-925-4733,https://www.walgreens.com/findcare/covid19/testing?ban=covid_hp_cause2,by appointment only,,,,,Open,2021/02/04 23:20:41+00,2021/05/27 00:37:30+00,,Yes,Yes,No,testing only,No,Required,https://dph.georgia.gov/novelcoronavirus,GA,{5FAAC676-F2A4-4098-B78E-3A7AF861A9BE},https://www.walgreens.com/findcaresvc/svc/v2/scheduling/locations/search?o=acs,DOUGLAS,no,,no,,,molecular,offsite lab,no,Yes,Retail,,,,No,No,,,,,,
-84.03400314,33.93757791,61722,,Walgreens,"1556 LAWRENCEVILLE HWY, LAWRENCEVILLE, Georgia 30044",LAWRENCEVILLE,Walgreens,Private,,https://www.walgreens.com/findcare/covid19/testing?ban=covid_hp_cause2,by appointment only,,,,,Open,2021/03/10 02:26:07+00,2021/05/27 00:37:30+00,,Yes,Yes,No,testing only,No,Yes,https://dph.georgia.gov/novelcoronavirus,GA,{D06328CC-9DCD-48EF-839D-673D50AFD7F0},https://www.walgreens.com/findcaresvc/svc/v2/scheduling/locations/search?o=acs,Gwinnett,no,,no,,,molecular,offsite lab,no,Yes,Retail,,,3,No,No,,,Yes,https://www.walgreens.com/findcare/vaccination/covid-19,,
-84.13236361,34.00907061,61733,,Walgreens,"2705 BUFORD HWY, DULUTH, Georgia 30096",DULUTH,Walgreens,Private,,https://www.walgreens.com/findcare/covid19/testing?ban=covid_hp_cause2,by appointment only,,,,,Open,2021/03/10 02:26:10+00,2021/05/27 00:37:30+00,,Yes,Yes,No,testing only,No,Yes,https://dph.georgia.gov/novelcoronavirus,GA,{4DF39C7D-2C1C-4C6A-851A-605E5CF4791A},https://www.walgreens.com/findcaresvc/svc/v2/scheduling/locations/search?o=acs,Gwinnett,no,,no,,,molecular,offsite lab,no,Yes,Retail,,,3,No,No,,,Yes,https://www.walgreens.com/findcare/vaccination/covid-19,,
-84.03947324,34.00194876,61734,,Walgreens,"2075 LAWRENCEVILLE SUWANEE RD, SUWANEE, Georgia 30024",SUWANEE,Walgreens,Private,,https://www.walgreens.com/findcare/covid19/testing?ban=covid_hp_cause2,by appointment only,,,,,Open,2021/03/10 02:26:10+00,2021/05/27 00:37:30+00,,Yes,Yes,No,testing only,No,Yes,https://dph.georgia.gov/novelcoronavirus,GA,{5A4398BD-6832-48CD-BDC0-A3F0C781DF37},https://www.walgreens.com/findcaresvc/svc/v2/scheduling/locations/search?o=acs,Gwinnett,no,,no,,,molecular,offsite lab,no,Yes,Retail,,,3,No,No,,,Yes,https://www.walgreens.com/findcare/vaccination/covid-19,,
-83.98725841,34.03578101,61756,,Walgreens,"2365 BUFORD DR, LAWRENCEVILLE, Georgia 30043",LAWRENCEVILLE,Walgreens,Private,,https://www.walgreens.com/findcare/covid19/testing?ban=covid_hp_cause2,by appointment only,,,,,Open,2021/03/10 02:26:24+00,2021/05/27 00:37:30+00,,Yes,Yes,No,testing only,No,Yes,https://dph.georgia.gov/novelcoronavirus,GA,{AB5AC8AC-F98D-4915-B73E-8875D97CDC4B},https://www.walgreens.com/findcaresvc/svc/v2/scheduling/locations/search?o=acs,Gwinnett,no,,no,,,molecular,offsite lab,no,Yes,Retail,,,3,No,No,,,Yes,https://www.walgreens.com/findcare/vaccination/covid-19,,
-80.98759993,32.01520806,61758,,Walgreens,"125 JOHNNY MERCER BLVD, SAVANNAH, Georgia 31410",SAVANNAH,Walgreens,Private,,https://www.walgreens.com/findcare/covid19/testing?ban=covid_hp_cause2,by appointment only,,,,,Open,2021/03/10 02:26:25+00,2021/05/27 00:37:30+00,,Yes,Yes,No,testing only,No,Yes,https://dph.georgia.gov/novelcoronavirus,GA,{14DE492F-9BBA-4538-A4CD-D441394BFB87},https://www.walgreens.com/findcaresvc/svc/v2/scheduling/locations/search?o=acs,Chatham,no,,no,,,molecular,offsite lab,no,Yes,Retail,,,3,No,No,,,Yes,https://www.walgreens.com/findcare/vaccination/covid-19,,
-84.19527196,33.73099386,61766,,Walgreens,"2065 S HAIRSTON RD, DECATUR, Georgia 30035",DECATUR,Walgreens,Private,,https://www.walgreens.com/findcare/covid19/testing?ban=covid_hp_cause2,by appointment only,,,,,Open,2021/03/10 02:26:27+00,2021/05/27 00:37:30+00,,Yes,Yes,No,testing only,No,Yes,https://dph.georgia.gov/novelcoronavirus,GA,{C4FB06B5-18CE-47C2-BB52-2CB132139E43},https://www.walgreens.com/findcaresvc/svc/v2/scheduling/locations/search?o=acs,DeKalb,no,,no,,,molecular,offsite lab,no,Yes,Retail,,,3,No,No,,,Yes,https://www.walgreens.com/findcare/vaccination/covid-19,,
-84.24576815,33.4995469,61772,,Walgreens,"1855 HUDSON BRIDGE RD, STOCKBRIDGE, Georgia 30281",STOCKBRIDGE,Walgreens,Private,,https://www.walgreens.com/findcare/covid19/testing?ban=covid_hp_cause2,by appointment only,,,,,Open,2021/03/10 02:26:29+00,2021/05/27 00:37:30+00,,Yes,Yes,No,testing only,No,Yes,https://dph.georgia.gov/novelcoronavirus,GA,{36160295-9EAF-4EB7-8CE7-4DF1E4A82864},https://www.walgreens.com/findcaresvc/svc/v2/scheduling/locations/search?o=acs,Henry,no,,no,,,molecular,offsite lab,no,Yes,Retail,,,3,No,No,,,Yes,https://www.walgreens.com/findcare/vaccination/covid-19,,
-82.09515308,33.51004962,61801,,Walgreens,"3900 WASHINGTON RD, AUGUSTA, Georgia 30907",AUGUSTA,Walgreens,Private,,https://www.walgreens.com/findcare/covid19/testing?ban=covid_hp_cause2,by appointment only,,,,,Open,2021/03/10 02:26:43+00,2021/05/27 00:37:30+00,,Yes,Yes,No,testing only,No,Yes,https://dph.georgia.gov/novelcoronavirus,GA,{A58005D6-51A9-46B5-AD04-7D3F8E9A055F},https://www.walgreens.com/findcaresvc/svc/v2/scheduling/locations/search?o=acs,Columbia,no,,no,,,molecular,offsite lab,no,Yes,Retail,,,3,No,No,,,Yes,https://www.walgreens.com/findcare/vaccination/covid-19,,
-84.70464073,33.99773932,61813,,Walgreens,"1762 MARS HILL RD NW, ACWORTH, Georgia 30101",ACWORTH,Walgreens,Private,,https://www.walgreens.com/findcare/covid19/testing?ban=covid_hp_cause2,by appointment only,,,,,Open,2021/03/10 02:26:48+00,2021/05/27 00:37:30+00,,Yes,Yes,No,testing only,No,Yes,https://dph.georgia.gov/novelcoronavirus,GA,{F4DB1280-2F19-4979-93F0-E4BF0237D562},https://www.walgreens.com/findcaresvc/svc/v2/scheduling/locations/search?o=acs,Cobb,no,,no,,,molecular,offsite lab,no,Yes,Retail,,,3,No,No,,,Yes,https://www.walgreens.com/findcare/vaccination/covid-19,,
-83.64108621,32.61886682,61837,,Walgreens,"1880 WATSON BLVD, WARNER ROBINS, Georgia 31093",WARNER ROBINS,Walgreens,Private,,https://www.walgreens.com/findcare/covid19/testing?ban=covid_hp_cause2,by appointment only,,,,,Open,2021/03/10 02:27:00+00,2021/05/27 00:37:30+00,,Yes,Yes,No,testing only,No,Yes,https://dph.georgia.gov/novelcoronavirus,GA,{88562D04-A35C-44DC-9CFE-785CA4C7492F},https://www.walgreens.com/findcaresvc/svc/v2/scheduling/locations/search?o=acs,Houston,no,,no,,,molecular,point-of-care,no,Yes,Retail,,,3,Yes,No,,,Yes,https://www.walgreens.com/findcare/vaccination/covid-19,,
-84.09203593,34.04828862,61866,,Walgreens,"1090 PEACHTREE INDUSTRIAL BLVD, SUWANEE, Georgia 30024",SUWANEE,Walgreens,Private,,https://www.walgreens.com/findcare/covid19/testing?ban=covid_hp_cause2,by appointment only,,,,,Open,2021/03/10 02:27:10+00,2021/05/27 00:37:30+00,,Yes,Yes,No,testing only,No,Yes,https://dph.georgia.gov/novelcoronavirus,GA,{509EED26-E405-4AF7-B2E1-5C8CEB0A5075},https://www.walgreens.com/findcaresvc/svc/v2/scheduling/locations/search?o=acs,Gwinnett,no,,no,,,molecular,offsite lab,no,Yes,Retail,,,3,No,No,,,Yes,https://www.walgreens.com/findcare/vaccination/covid-19,,
-84.42073237,34.17732332,61988,,Walgreens,"6111 HICKORY FLAT HWY, CANTON, Georgia 30115",CANTON,Walgreens,Private,,https://www.walgreens.com/findcare/covid19/testing?ban=covid_hp_cause2,by appointment only,,,,,Open,2021/03/10 02:27:40+00,2021/05/27 00:37:30+00,,Yes,Yes,No,testing only,No,Yes,https://dph.georgia.gov/novelcoronavirus,GA,{A092AED2-0482-4082-A869-B76BF33067CF},https://www.walgreens.com/findcaresvc/svc/v2/scheduling/locations/search?o=acs,Cherokee,no,,no,,,molecular,offsite lab,no,Yes,Retail,,,3,No,No,,,Yes,https://www.walgreens.com/findcare/vaccination/covid-19,,
-83.95689776,33.89425875,62009,,Walgreens,"2075 GRAYSON HWY, GRAYSON, Georgia 30017",GRAYSON,Walgreens,Private,,https://www.walgreens.com/findcare/covid19/testing?ban=covid_hp_cause2,by appointment only,,,,,Open,2021/03/10 02:27:43+00,2021/05/27 00:37:30+00,,Yes,Yes,No,testing only,No,Yes,https://dph.georgia.gov/novelcoronavirus,GA,{9A607A7A-F0A7-44DE-BA44-8EF8F1074F37},https://www.walgreens.com/findcaresvc/svc/v2/scheduling/locations/search?o=acs,Gwinnett,no,,no,,,molecular,offsite lab,no,Yes,Retail,,,3,No,No,,,Yes,https://www.walgreens.com/findcare/vaccination/covid-19,,
-84.131741,33.8402,62015,,Walgreens,"5435 FIVE FORKS TRICKUM RD, STONE MOUNTAIN, Georgia 30087",STONE MOUNTAIN,Walgreens,Private,,https://www.walgreens.com/findcare/covid19/testing?ban=covid_hp_cause2,by appointment only,,,,,Open,2021/03/10 02:27:45+00,2021/05/27 00:37:30+00,,Yes,Yes,No,testing only,No,Yes,https://dph.georgia.gov/novelcoronavirus,GA,{76B1AE01-2258-4481-BC01-63ED65F9F7AB},https://www.walgreens.com/findcaresvc/svc/v2/scheduling/locations/search?o=acs,Gwinnett,no,,no,,,molecular,offsite lab,no,Yes,Retail,,,3,No,No,,,Yes,https://www.walgreens.com/findcare/vaccination/covid-19,,
-84.00157505,33.68306468,62039,,Walgreens,"1510 MILSTEAD AVE NE, CONYERS, Georgia 30012",CONYERS,Walgreens,Private,,https://www.walgreens.com/findcare/covid19/testing?ban=covid_hp_cause2,by appointment only,,,,,Open,2021/03/10 02:27:49+00,2021/05/27 00:37:30+00,,Yes,Yes,No,testing only,No,Yes,https://dph.georgia.gov/novelcoronavirus,GA,{EAA3B80F-417E-4A5C-8B40-E5AF85F8A27D},https://www.walgreens.com/findcaresvc/svc/v2/scheduling/locations/search?o=acs,Rockdale,no,,no,,,molecular,offsite lab,no,Yes,Retail,,,3,No,No,,,Yes,https://www.walgreens.com/findcare/vaccination/covid-19,,
-84.03461088,33.96900158,62080,,Walgreens,"1065 DULUTH HWY, LAWRENCEVILLE, Georgia 30043",LAWRENCEVILLE,Walgreens,Private,,https://www.walgreens.com/findcare/covid19/testing?ban=covid_hp_cause2,by appointment only,,,,,Open,2021/03/10 02:27:58+00,2021/05/27 00:37:30+00,,Yes,Yes,No,testing only,No,Yes,https://dph.georgia.gov/novelcoronavirus,GA,{368F07D1-2BB5-4D4D-87BD-793619F6F68F},https://www.walgreens.com/findcaresvc/svc/v2/scheduling/locations/search?o=acs,Gwinnett,no,,no,,,molecular,offsite lab,no,Yes,Retail,,,3,No,No,,,Yes,https://www.walgreens.com/findcare/vaccination/covid-19,,
-84.19714293,33.76150915,62085,,Walgreens,"4765 REDAN RD, STONE MOUNTAIN, Georgia 30088",STONE MOUNTAIN,Walgreens,Private,,https://www.walgreens.com/findcare/covid19/testing?ban=covid_hp_cause2,by appointment only,,,,,Open,2021/03/10 02:27:58+00,2021/05/27 00:37:30+00,,Yes,Yes,No,testing only,No,Yes,https://dph.georgia.gov/novelcoronavirus,GA,{7A9E9577-6066-4D4C-B7FD-F8001197A26D},https://www.walgreens.com/findcaresvc/svc/v2/scheduling/locations/search?o=acs,DeKalb,no,,no,,,molecular,offsite lab,no,Yes,Retail,,,3,No,No,,,Yes,https://www.walgreens.com/findcare/vaccination/covid-19,,
-83.862045,34.221304,62103,,Walgreens,"3414 MUNDY MILL RD, GAINESVILLE, Georgia 30507",GAINESVILLE,Walgreens,Private,,https://www.walgreens.com/findcare/covid19/testing?ban=covid_hp_cause2,by appointment only,,,,,Open,2021/03/10 02:28:02+00,2021/05/27 00:37:30+00,,Yes,Yes,No,testing only,No,Yes,https://dph.georgia.gov/novelcoronavirus,GA,{1C434B91-19F3-4256-AD33-4D3F4C545958},https://www.walgreens.com/findcaresvc/svc/v2/scheduling/locations/search?o=acs,Hall,no,,no,,,molecular,offsite lab,no,Yes,Retail,,,3,No,No,,,Yes,https://www.walgreens.com/findcare/vaccination/covid-19,,
-84.60489998,33.90484284,62119,,Walgreens,"1733 MACLAND RD SW, MARIETTA, Georgia 30064",MARIETTA,Walgreens,Private,,https://www.walgreens.com/findcare/covid19/testing?ban=covid_hp_cause2,by appointment only,,,,,Open,2021/03/10 02:28:05+00,2021/05/27 00:37:30+00,,Yes,Yes,No,testing only,No,Yes,https://dph.georgia.gov/novelcoronavirus,GA,{896DF311-2FE5-4FF0-8366-5C2FA3A4B294},https://www.walgreens.com/findcaresvc/svc/v2/scheduling/locations/search?o=acs,Cobb,no,,no,,,molecular,offsite lab,no,Yes,Retail,,,3,No,No,,,Yes,https://www.walgreens.com/findcare/vaccination/covid-19,,
-84.22369216,33.51168732,62149,,Walgreens,"1056 EAGLES LANDING PKWY, STOCKBRIDGE, Georgia 30281",STOCKBRIDGE,Walgreens,Private,,https://www.walgreens.com/findcare/covid19/testing?ban=covid_hp_cause2,by appointment only,,,,,Open,2021/03/10 02:28:13+00,2021/05/27 00:37:30+00,,Yes,Yes,No,testing only,No,Yes,https://dph.georgia.gov/novelcoronavirus,GA,{512C5871-2C9F-4CD9-A268-A6007A46FC09},https://www.walgreens.com/findcaresvc/svc/v2/scheduling/locations/search?o=acs,Henry,no,,no,,,molecular,offsite lab,no,Yes,Retail,,,3,No,No,,,Yes,https://www.walgreens.com/findcare/vaccination/covid-19,,
-84.24692082,33.6181971,62173,,Walgreens,"315 FAIRVIEW RD, ELLENWOOD, Georgia 30294",ELLENWOOD,Walgreens,Private,,https://www.walgreens.com/findcare/covid19/testing?ban=covid_hp_cause2,by appointment only,,,,,Open,2021/03/10 02:28:17+00,2021/05/27 00:37:30+00,,Yes,Yes,No,testing only,No,Yes,https://dph.georgia.gov/novelcoronavirus,GA,{A4EA0699-E7C5-48A3-B078-3CBF349D6BB8},https://www.walgreens.com/findcaresvc/svc/v2/scheduling/locations/search?o=acs,Henry,no,,no,,,molecular,offsite lab,no,Yes,Retail,,,3,No,No,,,Yes,https://www.walgreens.com/findcare/vaccination/covid-19,,
-84.53976324,33.56940266,62174,,Walgreens,"4617 JONESBORO RD, UNION CITY, Georgia 30291",UNION CITY,Walgreens,Private,,https://www.walgreens.com/findcare/covid19/testing?ban=covid_hp_cause2,by appointment only,,,,,Open,2021/03/10 02:28:17+00,2021/05/27 00:37:30+00,,Yes,Yes,No,testing only,No,Yes,https://dph.georgia.gov/novelcoronavirus,GA,{23119617-BA9E-4FE9-9038-5EA7AEBBA5C8},https://www.walgreens.com/findcaresvc/svc/v2/scheduling/locations/search?o=acs,Fulton,no,,no,,,molecular,offsite lab,no,Yes,Retail,,,3,No,No,,,Yes,https://www.walgreens.com/findcare/vaccination/covid-19,,
-84.04355204,33.80314523,62241,,Walgreens,"3505 CENTERVILLE HWY, SNELLVILLE, Georgia 30039",SNELLVILLE,Walgreens,Private,,https://www.walgreens.com/findcare/covid19/testing?ban=covid_hp_cause2,by appointment only,,,,,Open,2021/03/10 02:28:32+00,2021/05/27 00:37:30+00,,Yes,Yes,No,testing only,No,Yes,https://dph.georgia.gov/novelcoronavirus,GA,{86EFEDB2-2C7A-42C7-9520-9E9E25BD4772},https://www.walgreens.com/findcaresvc/svc/v2/scheduling/locations/search?o=acs,Gwinnett,no,,no,,,molecular,offsite lab,no,Yes,Retail,,,3,No,No,,,Yes,https://www.walgreens.com/findcare/vaccination/covid-19,,
-84.07484508,34.25744003,62262,,Walgreens,"3290 KEITH BRIDGE RD, CUMMING, Georgia 30041",CUMMING,Walgreens,Private,,https://www.walgreens.com/findcare/covid19/testing?ban=covid_hp_cause2,by appointment only,,,,,Open,2021/03/10 02:28:36+00,2021/05/27 00:37:30+00,,Yes,Yes,No,testing only,No,Yes,https://dph.georgia.gov/novelcoronavirus,GA,{ABE618F6-527B-44B5-BF66-53033E0DA822},https://www.walgreens.com/findcaresvc/svc/v2/scheduling/locations/search?o=acs,Forsyth,no,,no,,,molecular,offsite lab,no,Yes,Retail,,,3,No,No,,,Yes,https://www.walgreens.com/findcare/vaccination/covid-19,,
-84.20967,33.856193,62271,,Walgreens,"5201 LAVISTA RD, TUCKER, Georgia 30084",TUCKER,Walgreens,Private,,https://www.walgreens.com/findcare/covid19/testing?ban=covid_hp_cause2,by appointment only,,,,,Open,2021/03/10 02:28:38+00,2021/05/27 00:37:30+00,,Yes,Yes,No,testing only,No,Yes,https://dph.georgia.gov/novelcoronavirus,GA,{4739EFB5-0C72-4027-B053-3295C784A44F},https://www.walgreens.com/findcaresvc/svc/v2/scheduling/locations/search?o=acs,DeKalb,no,,no,,,molecular,offsite lab,no,Yes,Retail,,,3,No,No,,,Yes,https://www.walgreens.com/findcare/vaccination/covid-19,,
-81.31231901,31.9506592,62278,,Walgreens,"2270 US HIGHWAY 17, RICHMOND HILL, Georgia 31324",RICHMOND HILL,Walgreens,Private,,https://www.walgreens.com/findcare/covid19/testing?ban=covid_hp_cause2,by appointment only,,,,,Open,2021/03/10 02:28:39+00,2021/05/27 00:37:30+00,,Yes,Yes,No,testing only,No,Yes,https://dph.georgia.gov/novelcoronavirus,GA,{D533A61F-633C-40BB-AA53-335F9CCF969D},https://www.walgreens.com/findcaresvc/svc/v2/scheduling/locations/search?o=acs,Bryan,no,,no,,,molecular,point-of-care,no,Yes,Retail,,,3,Yes,No,,,Yes,https://www.walgreens.com/findcare/vaccination/covid-19,,
-82.12919764,33.53695084,62286,,Walgreens,"4310 WASHINGTON RD, EVANS, Georgia 30809",EVANS,Walgreens,Private,,https://www.walgreens.com/findcare/covid19/testing?ban=covid_hp_cause2,by appointment only,,,,,Open,2021/03/10 02:28:41+00,2021/05/27 00:37:30+00,,Yes,Yes,No,testing only,No,Yes,https://dph.georgia.gov/novelcoronavirus,GA,{283C90AB-F976-48DD-9DD1-204DED9416A4},https://www.walgreens.com/findcaresvc/svc/v2/scheduling/locations/search?o=acs,Columbia,no,,no,,,molecular,offsite lab,no,Yes,Retail,,,3,No,No,,,Yes,https://www.walgreens.com/findcare/vaccination/covid-19,,
-84.29006791,33.27481783,62289,,Walgreens,"1602 N EXPRESSWAY, GRIFFIN, Georgia 30223",GRIFFIN,Walgreens,Private,,https://www.walgreens.com/findcare/covid19/testing?ban=covid_hp_cause2,by appointment only,,,,,Open,2021/03/10 02:28:41+00,2021/05/27 00:37:30+00,,Yes,Yes,No,testing only,No,Yes,https://dph.georgia.gov/novelcoronavirus,GA,{A4407184-E3B1-423E-84EA-B7CF843F1969},https://www.walgreens.com/findcaresvc/svc/v2/scheduling/locations/search?o=acs,Spalding,no,,no,,,molecular,offsite lab,no,Yes,Retail,,,3,No,No,,,Yes,https://www.walgreens.com/findcare/vaccination/covid-19,,
-82.028319,33.509373,62401,,Walgreens,"2744 WASHINGTON RD, AUGUSTA, Georgia 30909",AUGUSTA,Walgreens,Private,,https://www.walgreens.com/findcare/covid19/testing?ban=covid_hp_cause2,by appointment only,,,,,Open,2021/03/10 02:29:05+00,2021/05/27 00:37:30+00,,Yes,Yes,No,testing only,No,Yes,https://dph.georgia.gov/novelcoronavirus,GA,{2922B58C-9552-491D-90CF-4072F4298F59},https://www.walgreens.com/findcaresvc/svc/v2/scheduling/locations/search?o=acs,Richmond,no,,no,,,molecular,point-of-care,no,Yes,Retail,,,3,Yes,No,,,Yes,https://www.walgreens.com/findcare/vaccination/covid-19,,
-84.56844965,33.4070322,62464,,Walgreens,"100 S PEACHTREE PKWY, PEACHTREE CITY, Georgia 30269",PEACHTREE CITY,Walgreens,Private,,https://www.walgreens.com/findcare/covid19/testing?ban=covid_hp_cause2,by appointment only,,,,,Open,2021/03/10 02:29:20+00,2021/05/27 00:37:30+00,,Yes,Yes,No,testing only,No,Yes,https://dph.georgia.gov/novelcoronavirus,GA,{1CB1FD5F-409C-40D1-A739-8298FB7A9D42},https://www.walgreens.com/findcaresvc/svc/v2/scheduling/locations/search?o=acs,Fayette,no,,no,,,molecular,offsite lab,no,Yes,Retail,,,3,No,No,,,Yes,https://www.walgreens.com/findcare/vaccination/covid-19,,
-83.9628674,33.57810739,62470,,Walgreens,"12955 BROWN BRIDGE RD, COVINGTON, Georgia 30016",COVINGTON,Walgreens,Private,,https://www.walgreens.com/findcare/covid19/testing?ban=covid_hp_cause2,by appointment only,,,,,Open,2021/03/10 02:29:21+00,2021/05/27 00:37:30+00,,Yes,Yes,No,testing only,No,Yes,https://dph.georgia.gov/novelcoronavirus,GA,{2E4C8FB8-483A-43C7-9BCE-299961213C60},https://www.walgreens.com/findcaresvc/svc/v2/scheduling/locations/search?o=acs,Newton,no,,no,,,molecular,offsite lab,no,Yes,Retail,,,3,No,No,,,Yes,https://www.walgreens.com/findcare/vaccination/covid-19,,
-82.07103431,33.37713078,62571,,Walgreens,"2493 TOBACCO RD, HEPHZIBAH, Georgia 30815",HEPHZIBAH,Walgreens,Private,,https://www.walgreens.com/findcare/covid19/testing?ban=covid_hp_cause2,by appointment only,,,,,Open,2021/03/10 02:29:45+00,2021/05/27 00:37:30+00,,Yes,Yes,No,testing only,No,Yes,https://dph.georgia.gov/novelcoronavirus,GA,{454CBC19-3778-4694-B6B4-F963EC030F44},https://www.walgreens.com/findcaresvc/svc/v2/scheduling/locations/search?o=acs,Richmond,no,,no,,,molecular,offsite lab,no,Yes,Retail,,,3,No,No,,,Yes,https://www.walgreens.com/findcare/vaccination/covid-19,,
-84.72425788,34.06363734,62640,,Walgreens,"4391 ACWORTH DALLAS RD NW, ACWORTH, Georgia 30101",ACWORTH,Walgreens,Private,,https://www.walgreens.com/findcare/covid19/testing?ban=covid_hp_cause2,by appointment only,,,,,Open,2021/03/10 02:30:11+00,2021/05/27 00:37:30+00,,Yes,Yes,No,testing only,No,Yes,https://dph.georgia.gov/novelcoronavirus,GA,{EB01A2C2-A7D7-4FE9-8025-0D5AE4629B04},https://www.walgreens.com/findcaresvc/svc/v2/scheduling/locations/search?o=acs,Cobb,no,,no,,,molecular,offsite lab,no,Yes,Retail,,,3,No,No,,,Yes,https://www.walgreens.com/findcare/vaccination/covid-19,,
-82.46363545,31.53675188,62674,,Walgreens,"701 S PIERCE ST, ALMA, Georgia 31510",ALMA,Walgreens,Private,,https://www.walgreens.com/findcare/covid19/testing?ban=covid_hp_cause2,by appointment only,,,,,Open,2021/03/10 02:30:17+00,2021/05/27 00:37:30+00,,Yes,Yes,No,testing only,No,Yes,https://dph.georgia.gov/novelcoronavirus,GA,{B090481A-98EB-414A-B6C4-6A82155B30FE},https://www.walgreens.com/findcaresvc/svc/v2/scheduling/locations/search?o=acs,Bacon,no,,no,,,molecular,point-of-care,no,Yes,Retail,,,3,Yes,No,,,Yes,https://www.walgreens.com/findcare/vaccination/covid-19,,
-84.35191193,33.91990253,62681,,Walgreens,"1100 HAMMOND DR NE, ATLANTA, Georgia 30328",ATLANTA,Walgreens,Private,,https://www.walgreens.com/findcare/covid19/testing?ban=covid_hp_cause2,by appointment only,,,,,Open,2021/03/10 02:30:18+00,2021/05/27 00:37:30+00,,Yes,Yes,No,testing only,No,Yes,https://dph.georgia.gov/novelcoronavirus,GA,{EC130E30-4027-4DCB-A26C-ADC3B32484C2},https://www.walgreens.com/findcaresvc/svc/v2/scheduling/locations/search?o=acs,Fulton,no,,no,,,molecular,offsite lab,no,Yes,Retail,,,3,No,No,,,Yes,https://www.walgreens.com/findcare/vaccination/covid-19,,
-84.49472238,34.01362002,64626,,Walgreens,"2580 SANDY PLAINS RD, Marietta, Georgia 30066",Marietta,Walgreens,Private,,https://www.walgreens.com/findcare/covid19/testing?ban=covid_hp_cause2,by appointment only,,,,,Open,2021/03/27 00:45:00+00,2021/05/27 00:37:30+00,,Yes,Yes,No,testing only,,Yes,https://dph.georgia.gov/novelcoronavirus,GA,{302E6FD0-3A7A-475C-B432-114E123BCFD1},https://www.walgreens.com/findcaresvc/svc/v2/scheduling/locations/search?o=acs,Cobb,no,,no,,,molecular,offsite lab,no,Yes,Retail,,,3,No,No,,,Yes,https://dph.georgia.gov/covid-vaccine,,
-84.22019569,33.79956451,64627,,Walgreens,"5320 MEMORIAL DR, Stone Mountain, Georgia 30083",Stone Mountain,Walgreens,Private,,https://www.walgreens.com/findcare/covid19/testing?ban=covid_hp_cause2,by appointment only,,,,,Open,2021/03/27 00:45:01+00,2021/05/27 00:37:30+00,,Yes,Yes,No,testing only,,Yes,https://dph.georgia.gov/novelcoronavirus,GA,{7C56B915-00DC-40B3-8C17-AB149F887AAD},https://www.walgreens.com/findcaresvc/svc/v2/scheduling/locations/search?o=acs,DeKalb,no,,no,,,molecular,offsite lab,no,Yes,Retail,,,3,No,No,,,Yes,https://dph.georgia.gov/covid-vaccine,,
-84.05933927,33.88659762,64628,,Walgreens,"2990 FIVE FORKS TRICKUM RD, Lawrenceville, Georgia 30044",Lawrenceville,Walgreens,Private,,https://www.walgreens.com/findcare/covid19/testing?ban=covid_hp_cause2,by appointment only,,,,,Open,2021/03/27 00:45:01+00,2021/05/27 00:37:30+00,,Yes,Yes,No,testing only,,Yes,https://dph.georgia.gov/novelcoronavirus,GA,{63BC7857-7E89-4C30-B856-D8DD4A7FE691},https://www.walgreens.com/findcaresvc/svc/v2/scheduling/locations/search?o=acs,Gwinnett,no,,no,,,antigen,point-of-care,no,Yes,Retail,,,3,Yes,No,,,Yes,https://dph.georgia.gov/covid-vaccine,,
-84.382746,34.05991356,64629,,Walgreens,"695 W CROSSVILLE RD, Roswell, Georgia 30075",Roswell,Walgreens,Private,,https://www.walgreens.com/findcare/covid19/testing?ban=covid_hp_cause2,by appointment only,,,,,Open,2021/03/27 00:45:01+00,2021/05/27 00:37:30+00,,Yes,Yes,No,testing only,,Yes,https://dph.georgia.gov/novelcoronavirus,GA,{85CFB1A6-98F3-490A-AA86-33D9175B3F3F},https://www.walgreens.com/findcaresvc/svc/v2/scheduling/locations/search?o=acs,Fulton,no,,no,,,molecular,offsite lab,no,Yes,Retail,,,3,No,No,,,Yes,https://dph.georgia.gov/covid-vaccine,,
-84.27192703,34.02124509,64630,,Walgreens,"3003 OLD ALABAMA RD, Alpharetta, Georgia 30022",Alpharetta,Walgreens,Private,,https://www.walgreens.com/findcare/covid19/testing?ban=covid_hp_cause2,by appointment only,,,,,Open,2021/03/27 00:45:01+00,2021/05/27 00:37:30+00,,Yes,Yes,No,testing only,,Yes,https://dph.georgia.gov/novelcoronavirus,GA,{9F364BFE-6827-4479-91A7-DB364F3F9F43},https://www.walgreens.com/findcaresvc/svc/v2/scheduling/locations/search?o=acs,Fulton,no,,no,,,molecular,offsite lab,no,Yes,Retail,,,3,No,No,,,Yes,https://dph.georgia.gov/covid-vaccine,,
-84.380499,33.77039899,64631,,Walgreens,"595 PIEDMONT AVE NE, Atlanta, Georgia 30308",Atlanta,Walgreens,Private,,https://www.walgreens.com/findcare/covid19/testing?ban=covid_hp_cause2,by appointment only,,,,,Open,2021/03/27 00:45:02+00,2021/05/27 00:37:30+00,,Yes,Yes,No,testing only,,Yes,https://dph.georgia.gov/novelcoronavirus,GA,{BCBA3BD0-A178-4C1A-AC3D-06C0D214971C},https://www.walgreens.com/findcaresvc/svc/v2/scheduling/locations/search?o=acs,Fulton,no,,no,,,molecular,offsite lab,no,Yes,Retail,,,3,No,No,,,Yes,https://dph.georgia.gov/covid-vaccine,,
-84.05932497,33.84176869,64632,,Walgreens,"2220 HEWATT RD, Snellville, Georgia 30039",Snellville,Walgreens,Private,,https://www.walgreens.com/findcare/covid19/testing?ban=covid_hp_cause2,by appointment only,,,,,Open,2021/03/27 00:45:02+00,2021/05/27 00:37:30+00,,Yes,Yes,No,testing only,,Yes,https://dph.georgia.gov/novelcoronavirus,GA,{9AD8A8E5-2D83-4998-A4F9-95F6225A94AC},https://www.walgreens.com/findcaresvc/svc/v2/scheduling/locations/search?o=acs,Gwinnett,no,,no,,,molecular,offsite lab,no,Yes,Retail,,,3,No,No,,,Yes,https://dph.georgia.gov/covid-vaccine,,
-84.20581627,31.60558035,64633,,Walgreens,"2351 DAWSON RD, Albany, Georgia 31707",Albany,Walgreens,Private,,https://www.walgreens.com/findcare/covid19/testing?ban=covid_hp_cause2,by appointment only,,,,,Open,2021/03/27 00:45:02+00,2021/05/27 00:37:30+00,,Yes,Yes,No,testing only,,Yes,https://dph.georgia.gov/novelcoronavirus,GA,{BB14FDEB-E409-4C0D-85FF-00BD831C81BE},https://www.walgreens.com/findcaresvc/svc/v2/scheduling/locations/search?o=acs,Dougherty,no,,no,,,molecular,offsite lab,no,Yes,Retail,,,3,No,No,,,Yes,https://dph.georgia.gov/covid-vaccine,,
-84.36616458,33.96059374,64634,,Walgreens,"7530 ROSWELL RD, Sandy Springs, Georgia 30350",Sandy Springs,Walgreens,Private,,https://www.walgreens.com/findcare/covid19/testing?ban=covid_hp_cause2,by appointment only,,,,,Open,2021/03/27 00:45:02+00,2021/05/27 00:37:30+00,,Yes,Yes,No,testing only,,Yes,https://dph.georgia.gov/novelcoronavirus,GA,{91FC7DC4-E98A-4475-B7BF-F34041796701},https://www.walgreens.com/findcaresvc/svc/v2/scheduling/locations/search?o=acs,Fulton,no,,no,,,molecular,offsite lab,no,Yes,Retail,,,3,No,No,,,Yes,https://dph.georgia.gov/covid-vaccine,,
-84.17235908,33.70143536,64635,,Walgreens,"2945 PANOLA RD, Stonecrest, Georgia 30038",Stonecrest,Walgreens,Private,,https://www.walgreens.com/findcare/covid19/testing?ban=covid_hp_cause2,by appointment only,,,,,Open,2021/03/27 00:45:02+00,2021/05/27 00:37:30+00,,Yes,Yes,No,testing only,,Yes,https://dph.georgia.gov/novelcoronavirus,GA,{753754A1-2A70-491F-9CBE-2E632918B619},https://www.walgreens.com/findcaresvc/svc/v2/scheduling/locations/search?o=acs,DeKalb,no,,no,,,antigen,point-of-care,no,Yes,Retail,,,3,Yes,No,,,Yes,https://dph.georgia.gov/covid-vaccine,,
-84.62342013,33.94671234,64636,,Walgreens,"2444 DALLAS HWY SW, Marietta, Georgia 30064",Marietta,Walgreens,Private,,https://www.walgreens.com/findcare/covid19/testing?ban=covid_hp_cause2,by appointment only,,,,,Open,2021/03/27 00:45:02+00,2021/05/27 00:37:30+00,,Yes,Yes,No,testing only,,Yes,https://dph.georgia.gov/novelcoronavirus,GA,{33E47F29-03DA-4A54-8B09-E6EC9336B970},https://www.walgreens.com/findcaresvc/svc/v2/scheduling/locations/search?o=acs,Cobb,no,,no,,,antigen,point-of-care,no,Yes,Retail,,,3,Yes,No,,,Yes,https://dph.georgia.gov/covid-vaccine,,
-84.23251553,33.95712228,64637,,Walgreens,"5985 PEACHTREE PKWY, Peachtree Corners, Georgia 30092",Peachtree Corners,Walgreens,Private,,https://www.walgreens.com/findcare/covid19/testing?ban=covid_hp_cause2,by appointment only,,,,,Open,2021/03/27 00:45:03+00,2021/05/27 00:37:30+00,,Yes,Yes,No,testing only,,Yes,https://dph.georgia.gov/novelcoronavirus,GA,{E96D5057-FB83-4FDE-B629-DCB25AB517D3},https://www.walgreens.com/findcaresvc/svc/v2/scheduling/locations/search?o=acs,Gwinnett,no,,no,,,molecular,offsite lab,no,Yes,Retail,,,3,No,No,,,Yes,https://dph.georgia.gov/covid-vaccine,,
-84.092799,33.99769899,64638,,Walgreens,"6590 SUGARLOAF PKWY, Duluth, Georgia 30097",Duluth,Walgreens,Private,,https://www.walgreens.com/findcare/covid19/testing?ban=covid_hp_cause2,by appointment only,,,,,Open,2021/03/27 00:45:03+00,2021/05/27 00:37:30+00,,Yes,Yes,No,testing only,,Yes,https://dph.georgia.gov/novelcoronavirus,GA,{ED1CB3E5-4E2A-4264-AAFE-62D8A083EB49},https://www.walgreens.com/findcaresvc/svc/v2/scheduling/locations/search?o=acs,Gwinnett,no,,no,,,molecular,offsite lab,no,Yes,Retail,,,3,No,No,,,Yes,https://dph.georgia.gov/covid-vaccine,,
-84.45723798,33.42988122,64639,,Walgreens,"880 HIGHWAY 85 S, Fayetteville, Georgia 30214",Fayetteville,Walgreens,Private,,https://www.walgreens.com/findcare/covid19/testing?ban=covid_hp_cause2,by appointment only,,,,,Open,2021/03/27 00:45:03+00,2021/05/27 00:37:30+00,,Yes,Yes,No,testing only,,Yes,https://dph.georgia.gov/novelcoronavirus,GA,{B536491D-2314-4572-A73E-5669A0FF361A},https://www.walgreens.com/findcaresvc/svc/v2/scheduling/locations/search?o=acs,Fayette,no,,no,,,molecular,offsite lab,no,Yes,Retail,,,3,No,No,,,Yes,https://dph.georgia.gov/covid-vaccine,,
-84.44915503,33.46586382,64640,,Walgreens,"780 GLYNN ST N, Fayetteville, Georgia 30214",Fayetteville,Walgreens,Private,,https://www.walgreens.com/findcare/covid19/testing?ban=covid_hp_cause2,by appointment only,,,,,Open,2021/03/27 00:45:03+00,2021/05/27 00:37:30+00,,Yes,Yes,No,testing only,,Yes,https://dph.georgia.gov/novelcoronavirus,GA,{77F73FEC-A282-4398-89B6-C6E7739AC597},https://www.walgreens.com/findcaresvc/svc/v2/scheduling/locations/search?o=acs,Fayette,no,,no,,,molecular,offsite lab,no,Yes,Retail,,,3,No,No,,,Yes,https://dph.georgia.gov/covid-vaccine,,
-84.08205318,33.94874603,64641,,Walgreens,"2500 OLD NORCROSS RD, Lawrenceville, Georgia 30044",Lawrenceville,Walgreens,Private,,https://www.walgreens.com/findcare/covid19/testing?ban=covid_hp_cause2,by appointment only,,,,,Open,2021/03/27 00:45:03+00,2021/05/27 00:37:30+00,,Yes,Yes,No,testing only,,Yes,https://dph.georgia.gov/novelcoronavirus,GA,{5514811A-DF22-4A4E-8EB5-7ED349501C94},https://www.walgreens.com/findcaresvc/svc/v2/scheduling/locations/search?o=acs,Gwinnett,no,,no,,,molecular,offsite lab,no,Yes,Retail,,,3,No,No,,,Yes,https://dph.georgia.gov/covid-vaccine,,
-84.33978824,33.60001513,64642,,Walgreens,"5675 JONESBORO RD, Lake City, Georgia 30260",Lake City,Walgreens,Private,,https://www.walgreens.com/findcare/covid19/testing?ban=covid_hp_cause2,by appointment only,,,,,Open,2021/03/27 00:45:04+00,2021/05/27 00:37:30+00,,Yes,Yes,No,testing only,,Yes,https://dph.georgia.gov/novelcoronavirus,GA,{8788B52F-962C-4125-997B-A9880BC95149},https://www.walgreens.com/findcaresvc/svc/v2/scheduling/locations/search?o=acs,Clayton,no,,no,,,molecular,offsite lab,no,Yes,Retail,,,3,No,No,,,Yes,https://dph.georgia.gov/covid-vaccine,,
-83.28744623,30.86925465,64643,,Walgreens,"2815 N ASHLEY ST, Valdosta, Georgia 31602",Valdosta,Walgreens,Private,,https://www.walgreens.com/findcare/covid19/testing?ban=covid_hp_cause2,by appointment only,,,,,Open,2021/03/27 00:45:04+00,2021/05/27 00:37:30+00,,Yes,Yes,No,testing only,,Yes,https://dph.georgia.gov/novelcoronavirus,GA,{807E9A54-EA36-4981-903B-0D67AA6E2CD2},https://www.walgreens.com/findcaresvc/svc/v2/scheduling/locations/search?o=acs,Lowndes,no,,no,,,molecular,offsite lab,no,Yes,Retail,,,3,No,No,,,Yes,https://dph.georgia.gov/covid-vaccine,,
-83.61587905,32.85899341,64644,,Walgreens,"1280 GRAY HWY, Macon, Georgia 31211",Macon,Walgreens,Private,,https://www.walgreens.com/findcare/covid19/testing?ban=covid_hp_cause2,by appointment only,,,,,Open,2021/03/27 00:45:04+00,2021/05/27 00:37:30+00,,Yes,Yes,No,testing only,,Yes,https://dph.georgia.gov/novelcoronavirus,GA,{9E57B634-0761-4269-B604-CFB426B3B1B4},https://www.walgreens.com/findcaresvc/svc/v2/scheduling/locations/search?o=acs,Bibb,no,,no,,,molecular,offsite lab,no,Yes,Retail,,,3,No,No,,,Yes,https://dph.georgia.gov/covid-vaccine,,
-84.20609899,33.902099,64645,,Walgreens,"5296 JIMMY CARTER BLVD, Norcross, Georgia 30093",Norcross,Walgreens,Private,,https://www.walgreens.com/findcare/covid19/testing?ban=covid_hp_cause2,by appointment only,,,,,Open,2021/03/27 00:45:05+00,2021/05/27 00:37:30+00,,Yes,Yes,No,testing only,,Yes,https://dph.georgia.gov/novelcoronavirus,GA,{B748E82E-ADAD-4260-A8A5-F8544808A7D5},https://www.walgreens.com/findcaresvc/svc/v2/scheduling/locations/search?o=acs,Gwinnett,no,,no,,,molecular,offsite lab,no,Yes,Retail,,,3,No,No,,,Yes,https://dph.georgia.gov/covid-vaccine,,
-85.18115296,34.26082525,64646,,Walgreens,"701 MARTHA BERRY BLVD NW, Rome, Georgia 30165",Rome,Walgreens,Private,,https://www.walgreens.com/findcare/covid19/testing?ban=covid_hp_cause2,by appointment only,,,,,Open,2021/03/27 00:45:05+00,2021/05/27 00:37:30+00,,Yes,Yes,No,testing only,,Yes,https://dph.georgia.gov/novelcoronavirus,GA,{3A712B8A-0A2A-4BA5-BFCF-9070C0F39D45},https://www.walgreens.com/findcaresvc/svc/v2/scheduling/locations/search?o=acs,Floyd,no,,no,,,molecular,offsite lab,no,Yes,Retail,,,3,No,No,,,Yes,https://dph.georgia.gov/covid-vaccine,,
-84.49438929,34.24387414,64647,,Walgreens,"120 MARIETTA HWY, Canton, Georgia 30114",Canton,Walgreens,Private,,https://www.walgreens.com/findcare/covid19/testing?ban=covid_hp_cause2,by appointment only,,,,,Open,2021/03/27 00:45:05+00,2021/05/27 00:37:30+00,,Yes,Yes,No,testing only,,Yes,https://dph.georgia.gov/novelcoronavirus,GA,{4AE4477F-CD48-402E-9252-DB0BEDB4566C},https://www.walgreens.com/findcaresvc/svc/v2/scheduling/locations/search?o=acs,Cherokee,no,,no,,,molecular,offsite lab,no,Yes,Retail,,,3,No,No,,,Yes,https://dph.georgia.gov/covid-vaccine,,
-84.17045108,34.0654536,64648,,Walgreens,"6410 W JOHNS XING, Johns Creek, Georgia 30097",Johns Creek,Walgreens,Private,,https://www.walgreens.com/findcare/covid19/testing?ban=covid_hp_cause2,by appointment only,,,,,Open,2021/03/27 00:45:05+00,2021/05/27 00:37:30+00,,Yes,Yes,No,testing only,,Yes,https://dph.georgia.gov/novelcoronavirus,GA,{8B93B565-9601-4E3F-8B46-56C0D31D21AA},https://www.walgreens.com/findcaresvc/svc/v2/scheduling/locations/search?o=acs,Fulton,no,,no,,,molecular,offsite lab,no,Yes,Retail,,,3,No,No,,,Yes,https://dph.georgia.gov/covid-vaccine,,
-84.29267805,33.8243141,64649,,Walgreens,"2781 LAVISTA RD, Decatur, Georgia 30033",Decatur,Walgreens,Private,,https://www.walgreens.com/findcare/covid19/testing?ban=covid_hp_cause2,by appointment only,,,,,Open,2021/03/27 00:45:06+00,2021/05/27 00:37:30+00,,Yes,Yes,No,testing only,,Yes,https://dph.georgia.gov/novelcoronavirus,GA,{C2048979-07DC-47DD-B5FD-E49C65414C93},https://www.walgreens.com/findcaresvc/svc/v2/scheduling/locations/search?o=acs,DeKalb,no,,no,,,antigen,point-of-care,no,Yes,Retail,,,3,Yes,No,,,Yes,https://dph.georgia.gov/covid-vaccine,,
-84.466515,33.924649,64650,,Walgreens,"2975 DELK RD SE, Marietta, Georgia 30067",Marietta,Walgreens,Private,,https://www.walgreens.com/findcare/covid19/testing?ban=covid_hp_cause2,by appointment only,,,,,Open,2021/03/27 00:45:06+00,2021/05/27 00:37:30+00,,Yes,Yes,No,testing only,,Yes,https://dph.georgia.gov/novelcoronavirus,GA,{45B68909-3758-48C7-A4C3-64CB0D948051},https://www.walgreens.com/findcaresvc/svc/v2/scheduling/locations/search?o=acs,Cobb,no,,no,,,molecular,offsite lab,no,Yes,Retail,,,3,No,No,,,Yes,https://dph.georgia.gov/covid-vaccine,,
-84.55723143,34.05828529,64651,,Walgreens,"4360 BELLS FERRY RD NW, Kennesaw, Georgia 30144",Kennesaw,Walgreens,Private,,https://www.walgreens.com/findcare/covid19/testing?ban=covid_hp_cause2,by appointment only,,,,,Open,2021/03/27 00:45:06+00,2021/05/27 00:37:30+00,,Yes,Yes,No,testing only,,Yes,https://dph.georgia.gov/novelcoronavirus,GA,{DC7BBFDE-7DDF-4672-9D3F-944CABCCDEC1},https://www.walgreens.com/findcaresvc/svc/v2/scheduling/locations/search?o=acs,Cobb,no,,no,,,molecular,offsite lab,no,Yes,Retail,,,3,No,No,,,Yes,https://dph.georgia.gov/covid-vaccine,,
-82.09013376,33.54965897,64652,,Walgreens,"672 FURYS FERRY RD, Augusta, Georgia 30907",Augusta,Walgreens,Private,,https://www.walgreens.com/findcare/covid19/testing?ban=covid_hp_cause2,by appointment only,,,,,Open,2021/03/27 00:45:06+00,2021/05/27 00:37:30+00,,Yes,Yes,No,testing only,,Yes,https://dph.georgia.gov/novelcoronavirus,GA,{508E5F00-403A-44BF-B7CB-527A935B7BC9},https://www.walgreens.com/findcaresvc/svc/v2/scheduling/locations/search?o=acs,Columbia,no,,no,,,molecular,offsite lab,no,Yes,Retail,,,3,No,No,,,Yes,https://dph.georgia.gov/covid-vaccine,,
-85.07765227,33.56952355,64653,,Walgreens,"794 S PARK ST, Carrollton, Georgia 30117",Carrollton,Walgreens,Private,,https://www.walgreens.com/findcare/covid19/testing?ban=covid_hp_cause2,by appointment only,,,,,Open,2021/03/27 00:45:07+00,2021/05/27 00:37:30+00,,Yes,Yes,No,testing only,,Yes,https://dph.georgia.gov/novelcoronavirus,GA,{372D37C8-DAB8-4BF4-80B2-493893D7C059},https://www.walgreens.com/findcaresvc/svc/v2/scheduling/locations/search?o=acs,Carroll,no,,no,,,molecular,offsite lab,no,Yes,Retail,,,3,No,No,,,Yes,https://dph.georgia.gov/covid-vaccine,,
-81.486045,31.194803,64654,,Walgreens,"4575 ALTAMA AVE, Brunswick, Georgia 31520",Brunswick,Walgreens,Private,,https://www.walgreens.com/findcare/covid19/testing?ban=covid_hp_cause2,by appointment only,,,,,Open,2021/03/27 00:45:07+00,2021/05/27 00:37:30+00,,Yes,Yes,No,testing only,,Yes,https://dph.georgia.gov/novelcoronavirus,GA,{ED92180A-8EA5-48E9-B468-62E5E7BC9818},https://www.walgreens.com/findcaresvc/svc/v2/scheduling/locations/search?o=acs,Glynn,no,,no,,,molecular,offsite lab,no,Yes,Retail,,,3,No,No,,,Yes,https://dph.georgia.gov/covid-vaccine,,
-84.17652594,34.09639485,64655,,Walgreens,"2595 PEACHTREE PKWY, CUMMING, Georgia 30041",CUMMING,Walgreens,Private,,https://www.walgreens.com/findcare/covid19/testing?ban=covid_hp_cause2,by appointment only,,,,,Open,2021/03/27 00:45:07+00,2021/05/27 00:37:30+00,,Yes,Yes,No,testing only,,Yes,https://dph.georgia.gov/novelcoronavirus,GA,{63426F3D-D436-415A-A35E-B549C2F1A37C},https://www.walgreens.com/findcaresvc/svc/v2/scheduling/locations/search?o=acs,Forsyth,no,,no,,,antigen,point-of-care,no,Yes,Retail,,,3,Yes,No,,,Yes,https://dph.georgia.gov/covid-vaccine,,
-84.52940581,33.80679305,64656,,Walgreens,"855 VETERANS MEMORIAL HWY SE, Mableton, Georgia 30126",Mableton,Walgreens,Private,,https://www.walgreens.com/findcare/covid19/testing?ban=covid_hp_cause2,by appointment only,,,,,Open,2021/03/27 00:45:07+00,2021/05/27 00:37:30+00,,Yes,Yes,No,testing only,,Yes,https://dph.georgia.gov/novelcoronavirus,GA,{DD78BE00-FEE9-40B4-A5C9-760856845D55},https://www.walgreens.com/findcaresvc/svc/v2/scheduling/locations/search?o=acs,Cobb,no,,no,,,molecular,offsite lab,no,Yes,Retail,,,3,No,No,,,Yes,https://dph.georgia.gov/covid-vaccine,,
-84.01379482,34.09449549,64657,,Walgreens,"4397 SUDDERTH RD, Sugar Hill, Georgia 30518",Sugar Hill,Walgreens,Private,,https://www.walgreens.com/findcare/covid19/testing?ban=covid_hp_cause2,by appointment only,,,,,Open,2021/03/27 00:45:08+00,2021/05/27 00:37:30+00,,Yes,Yes,No,testing only,,Yes,https://dph.georgia.gov/novelcoronavirus,GA,{35D13347-6862-404C-9F2A-3B15EFA3C9B4},https://www.walgreens.com/findcaresvc/svc/v2/scheduling/locations/search?o=acs,Gwinnett,no,,no,,,molecular,offsite lab,no,Yes,Retail,,,3,No,No,,,Yes,https://dph.georgia.gov/covid-vaccine,,
-85.033446,33.038328,64658,,Walgreens,"115 VERNON ST, Lagrange, Georgia 30240",Lagrange,Walgreens,Private,,https://www.walgreens.com/findcare/covid19/testing?ban=covid_hp_cause2,by appointment only,,,,,Open,2021/03/27 00:45:08+00,2021/05/27 00:37:30+00,,Yes,Yes,No,testing only,,Yes,https://dph.georgia.gov/novelcoronavirus,GA,{57F8828F-0E1A-461A-B85B-085597A9A7E2},https://www.walgreens.com/findcaresvc/svc/v2/scheduling/locations/search?o=acs,Troup,no,,no,,,molecular,offsite lab,no,Yes,Retail,,,3,No,No,,,Yes,https://dph.georgia.gov/covid-vaccine,,
-83.815152,34.30900599,64659,,Walgreens,"472 S ENOTA DR NE, Gainesville, Georgia 30501",Gainesville,Walgreens,Private,,https://www.walgreens.com/findcare/covid19/testing?ban=covid_hp_cause2,by appointment only,,,,,Open,2021/03/27 00:45:08+00,2021/05/27 00:37:30+00,,Yes,Yes,No,testing only,,Yes,https://dph.georgia.gov/novelcoronavirus,GA,{E551B5D0-57BB-463F-9FC3-44DA828533F1},https://www.walgreens.com/findcaresvc/svc/v2/scheduling/locations/search?o=acs,Hall,no,,no,,,molecular,offsite lab,no,Yes,Retail,,,3,No,No,,,Yes,https://dph.georgia.gov/covid-vaccine,,
-84.50918763,34.19096701,64660,,Walgreens,"101 PROMINENCE POINT PKWY, Canton, Georgia 30114",Canton,Walgreens,Private,,https://www.walgreens.com/findcare/covid19/testing?ban=covid_hp_cause2,by appointment only,,,,,Open,2021/03/27 00:45:08+00,2021/05/27 00:37:30+00,,Yes,Yes,No,testing only,,Yes,https://dph.georgia.gov/novelcoronavirus,GA,{68730713-EE4F-4BB1-964F-ACEA3C7A7B69},https://www.walgreens.com/findcaresvc/svc/v2/scheduling/locations/search?o=acs,Cherokee,no,,no,,,molecular,offsite lab,no,Yes,Retail,,,3,No,No,,,Yes,https://dph.georgia.gov/covid-vaccine,,
-84.72579184,33.75064779,64661,,Walgreens,"5864 FAIRBURN RD, Douglasville, Georgia 30134",Douglasville,Walgreens,Private,,https://www.walgreens.com/findcare/covid19/testing?ban=covid_hp_cause2,by appointment only,,,,,Open,2021/03/27 00:45:08+00,2021/05/27 00:37:30+00,,Yes,Yes,No,testing only,,Yes,https://dph.georgia.gov/novelcoronavirus,GA,{101F58B0-5C9D-423E-8610-6D286C279D13},https://www.walgreens.com/findcaresvc/svc/v2/scheduling/locations/search?o=acs,Douglas,no,,no,,,molecular,offsite lab,no,Yes,Retail,,,3,No,No,,,Yes,https://dph.georgia.gov/covid-vaccine,,
-84.37947751,33.87857974,64662,,Walgreens,"4535 ROSWELL RD, Sandy Springs, Georgia 30342",Sandy Springs,Walgreens,Private,,https://www.walgreens.com/findcare/covid19/testing?ban=covid_hp_cause2,by appointment only,,,,,Open,2021/03/27 00:45:09+00,2021/05/27 00:37:30+00,,Yes,Yes,No,testing only,,Yes,https://dph.georgia.gov/novelcoronavirus,GA,{13BF3604-7184-4C00-91C8-9C0FD04555F6},https://www.walgreens.com/findcaresvc/svc/v2/scheduling/locations/search?o=acs,Fulton,no,,no,,,molecular,offsite lab,no,Yes,Retail,,,3,No,No,,,Yes,https://dph.georgia.gov/covid-vaccine,,
-81.474982,31.161975,64663,,Walgreens,"101 TORRAS DR, Brunswick, Georgia 31520",Brunswick,Walgreens,Private,,https://www.walgreens.com/findcare/covid19/testing?ban=covid_hp_cause2,by appointment only,,,,,Open,2021/03/27 00:45:09+00,2021/05/27 00:37:30+00,,Yes,Yes,No,testing only,,Yes,https://dph.georgia.gov/novelcoronavirus,GA,{A5341784-4506-41F2-ACCA-6F4A71A6AC68},https://www.walgreens.com/findcaresvc/svc/v2/scheduling/locations/search?o=acs,Glynn,no,,no,,,molecular,offsite lab,no,Yes,Retail,,,3,No,No,,,Yes,https://dph.georgia.gov/covid-vaccine,,
-84.38309832,33.85506225,64664,,Walgreens,"3658 ROSWELL RD NW, Atlanta, Georgia 30342",Atlanta,Walgreens,Private,,https://www.walgreens.com/findcare/covid19/testing?ban=covid_hp_cause2,by appointment only,,,,,Open,2021/03/27 00:45:09+00,2021/05/27 00:37:30+00,,Yes,Yes,No,testing only,,Yes,https://dph.georgia.gov/novelcoronavirus,GA,{551856D7-C957-4FEC-87FC-7CA2479C45C8},https://www.walgreens.com/findcaresvc/svc/v2/scheduling/locations/search?o=acs,Fulton,no,,no,,,molecular,offsite lab,no,Yes,Retail,,,3,No,No,,,Yes,https://dph.georgia.gov/covid-vaccine,,
-84.78921554,33.95945451,64665,,Walgreens,"4519 DALLAS ACWORTH HWY, Dallas, Georgia 30132",Dallas,Walgreens,Private,,https://www.walgreens.com/findcare/covid19/testing?ban=covid_hp_cause2,by appointment only,,,,,Open,2021/03/27 00:45:10+00,2021/05/27 00:37:30+00,,Yes,Yes,No,testing only,,Yes,https://dph.georgia.gov/novelcoronavirus,GA,{6737E5C7-5E33-43B6-A02F-6BE88B5B615E},https://www.walgreens.com/findcaresvc/svc/v2/scheduling/locations/search?o=acs,Paulding,no,,no,,,molecular,offsite lab,no,Yes,Retail,,,3,No,No,,,Yes,https://dph.georgia.gov/covid-vaccine,,
-84.77260943,34.78670442,64666,,Walgreens,"1101 N 3RD AVE, Chatsworth, Georgia 30705",Chatsworth,Walgreens,Private,,https://www.walgreens.com/findcare/covid19/testing?ban=covid_hp_cause2,by appointment only,,,,,Open,2021/03/27 00:45:10+00,2021/05/27 00:37:30+00,,Yes,Yes,No,testing only,,Yes,https://dph.georgia.gov/novelcoronavirus,GA,{32ACE903-0FF1-4BB3-ADE5-826E5F3F0C5C},https://www.walgreens.com/findcaresvc/svc/v2/scheduling/locations/search?o=acs,Murray,no,,no,,,molecular,offsite lab,no,Yes,Retail,,,3,No,No,,,Yes,https://dph.georgia.gov/covid-vaccine,,
-81.14849492,32.10374045,64667,,Walgreens,"4210 AUGUSTA RD, Garden City, Georgia 31408",Garden City,Walgreens,Private,,https://www.walgreens.com/findcare/covid19/testing?ban=covid_hp_cause2,by appointment only,,,,,Open,2021/03/27 00:45:10+00,2021/05/27 00:37:30+00,,Yes,Yes,No,testing only,,Yes,https://dph.georgia.gov/novelcoronavirus,GA,{DED4C166-369A-42A2-97FD-076406058A10},https://www.walgreens.com/findcaresvc/svc/v2/scheduling/locations/search?o=acs,Chatham,no,,no,,,molecular,offsite lab,no,Yes,Retail,,,3,No,No,,,Yes,https://dph.georgia.gov/covid-vaccine,,
-84.34289764,33.85730251,64668,,Walgreens,"3925 PEACHTREE RD NE, Brookhaven, Georgia 30319",Brookhaven,Walgreens,Private,,https://www.walgreens.com/findcare/covid19/testing?ban=covid_hp_cause2,by appointment only,,,,,Open,2021/03/27 00:45:10+00,2021/05/27 00:37:30+00,,Yes,Yes,No,testing only,,Yes,https://dph.georgia.gov/novelcoronavirus,GA,{488CB037-C147-42EC-98BB-3C1E97E013C5},https://www.walgreens.com/findcaresvc/svc/v2/scheduling/locations/search?o=acs,DeKalb,no,,no,,,molecular,offsite lab,no,Yes,Retail,,,3,No,No,,,Yes,https://dph.georgia.gov/covid-vaccine,,
-84.4129928,33.57318617,64669,,Walgreens,"6665 HIGHWAY 85, Riverdale, Georgia 30274",Riverdale,Walgreens,Private,,https://www.walgreens.com/findcare/covid19/testing?ban=covid_hp_cause2,by appointment only,,,,,Open,2021/03/27 00:45:10+00,2021/05/27 00:37:30+00,,Yes,Yes,No,testing only,,Yes,https://dph.georgia.gov/novelcoronavirus,GA,{D713DEB1-7507-4CAB-89C1-800A650E2CF7},https://www.walgreens.com/findcaresvc/svc/v2/scheduling/locations/search?o=acs,Clayton,no,,no,,,antigen,point-of-care,no,Yes,Retail,,,3,Yes,No,,,Yes,https://dph.georgia.gov/covid-vaccine,,
-83.54730624,33.0053477,64670,,Walgreens,"274 W CLINTON ST, Gray, Georgia 31032",Gray,Walgreens,Private,,https://www.walgreens.com/findcare/covid19/testing?ban=covid_hp_cause2,by appointment only,,,,,Open,2021/03/27 00:45:11+00,2021/05/27 00:37:30+00,,Yes,Yes,No,testing only,,Yes,https://dph.georgia.gov/novelcoronavirus,GA,{E2884166-A6EE-4295-B8E7-23442A71D8C6},https://www.walgreens.com/findcaresvc/svc/v2/scheduling/locations/search?o=acs,Jones,no,,no,,,molecular,offsite lab,no,Yes,Retail,,,3,No,No,,,Yes,https://dph.georgia.gov/covid-vaccine,,
-84.9379812,32.56271863,64671,,Walgreens,"7869 VETERANS PKWY, Columbus, Georgia 31909",Columbus,Walgreens,Private,,https://www.walgreens.com/findcare/covid19/testing?ban=covid_hp_cause2,by appointment only,,,,,Open,2021/03/27 00:45:11+00,2021/05/27 00:37:30+00,,Yes,Yes,No,testing only,,Yes,https://dph.georgia.gov/novelcoronavirus,GA,{CA59A6F5-110F-407E-855F-917BE428ECAB},https://www.walgreens.com/findcaresvc/svc/v2/scheduling/locations/search?o=acs,Muscogee,no,,no,,,molecular,offsite lab,no,Yes,Retail,,,3,No,No,,,Yes,https://dph.georgia.gov/covid-vaccine,,
-82.19316304,33.45816819,64672,,Walgreens,"898 HORIZON SOUTH PKWY, Grovetown, Georgia 30813",Grovetown,Walgreens,Private,,https://www.walgreens.com/findcare/covid19/testing?ban=covid_hp_cause2,by appointment only,,,,,Open,2021/03/27 00:45:11+00,2021/05/27 00:37:30+00,,Yes,Yes,No,testing only,,Yes,https://dph.georgia.gov/novelcoronavirus,GA,{8B117F50-4921-4676-8047-1A79A34D6EB7},https://www.walgreens.com/findcaresvc/svc/v2/scheduling/locations/search?o=acs,Columbia,no,,no,,,antigen,point-of-care,no,Yes,Retail,,,3,Yes,No,,,Yes,https://dph.georgia.gov/covid-vaccine,,
-84.14094863,33.50813352,64673,,Walgreens,"2125 HIGHWAY 155 N, Mcdonough, Georgia 30252",Mcdonough,Walgreens,Private,,https://www.walgreens.com/findcare/covid19/testing?ban=covid_hp_cause2,by appointment only,,,,,Open,2021/03/27 00:45:11+00,2021/05/27 00:37:30+00,,Yes,Yes,No,testing only,,Yes,https://dph.georgia.gov/novelcoronavirus,GA,{A29E6147-FD57-4C48-8227-2F970E43A5AC},https://www.walgreens.com/findcaresvc/svc/v2/scheduling/locations/search?o=acs,Henry,no,,no,,,antigen,point-of-care,no,Yes,Retail,,,3,Yes,No,,,Yes,https://dph.georgia.gov/covid-vaccine,,
-84.81356669,33.81647102,64674,,Walgreens,"4692 RIDGE ROAD, Douglasville, Georgia 30134",Douglasville,Walgreens,Private,,https://www.walgreens.com/findcare/covid19/testing?ban=covid_hp_cause2,by appointment only,,,,,Open,2021/03/27 00:45:11+00,2021/05/27 00:37:30+00,,Yes,Yes,No,testing only,,Yes,https://dph.georgia.gov/novelcoronavirus,GA,{6D1C8351-602F-44B6-9941-6F2B6C929853},https://www.walgreens.com/findcaresvc/svc/v2/scheduling/locations/search?o=acs,Paulding,no,,no,,,antigen,point-of-care,no,Yes,Retail,,,3,Yes,No,,,Yes,https://dph.georgia.gov/covid-vaccine,,
-84.48510625,34.08861072,64675,,Walgreens,"12075 HIGHWAY 92, Woodstock, Georgia 30188",Woodstock,Walgreens,Private,,https://www.walgreens.com/findcare/covid19/testing?ban=covid_hp_cause2,by appointment only,,,,,Open,2021/03/27 00:45:12+00,2021/05/27 00:37:30+00,,Yes,Yes,No,testing only,,Yes,https://dph.georgia.gov/novelcoronavirus,GA,{F340F2C0-A69F-4C2B-93E6-62F5E5450D31},https://www.walgreens.com/findcaresvc/svc/v2/scheduling/locations/search?o=acs,Cherokee,no,,no,,,antigen,point-of-care,no,Yes,Retail,,,3,Yes,No,,,Yes,https://dph.georgia.gov/covid-vaccine,,
-84.46080976,33.67038944,64676,,Walgreens,"3096 WASHINGTON RD, East Point, Georgia 30344",East Point,Walgreens,Private,,https://www.walgreens.com/findcare/covid19/testing?ban=covid_hp_cause2,by appointment only,,,,,Open,2021/03/27 00:45:12+00,2021/05/27 00:37:30+00,,Yes,Yes,No,testing only,,Yes,https://dph.georgia.gov/novelcoronavirus,GA,{14DF77C1-1F27-4E72-B16B-5952CEE0CBD9},https://www.walgreens.com/findcaresvc/svc/v2/scheduling/locations/search?o=acs,Fulton,no,,no,,,molecular,offsite lab,no,Yes,Retail,,,3,No,No,,,Yes,https://dph.georgia.gov/covid-vaccine,,
-81.63812621,32.74921705,64677,,Walgreens,"305 W OGEECHEE ST, Sylvania, Georgia 30467",Sylvania,Walgreens,Private,,https://www.walgreens.com/findcare/covid19/testing?ban=covid_hp_cause2,by appointment only,,,,,Open,2021/03/27 00:45:12+00,2021/05/27 00:37:30+00,,Yes,Yes,No,testing only,,Yes,https://dph.georgia.gov/novelcoronavirus,GA,{4B37BA32-A7D0-44BE-8505-CAEF2DD3C30A},https://www.walgreens.com/findcaresvc/svc/v2/scheduling/locations/search?o=acs,Screven,no,,no,,,molecular,offsite lab,no,Yes,Retail,,,3,No,No,,,Yes,https://dph.georgia.gov/covid-vaccine,,
-84.94318693,34.48554233,64678,,Walgreens,"910 SOUTH WALL ST, Calhoun, Georgia 30701",Calhoun,Walgreens,Private,,https://www.walgreens.com/findcare/covid19/testing?ban=covid_hp_cause2,by appointment only,,,,,Open,2021/03/27 00:45:12+00,2021/05/27 00:37:30+00,,Yes,Yes,No,testing only,,Yes,https://dph.georgia.gov/novelcoronavirus,GA,{06DBEFEC-89C6-4C40-8758-48A8D2F457CE},https://www.walgreens.com/findcaresvc/svc/v2/scheduling/locations/search?o=acs,Gordon,no,,no,,,molecular,offsite lab,no,Yes,Retail,,,3,No,No,,,Yes,https://dph.georgia.gov/covid-vaccine,,
-84.75472623,33.89076833,64679,,Walgreens,"4442 JIMMY LEE SMITH PARKWAY, Hiram, Georgia 30141",Hiram,Walgreens,Private,,https://www.walgreens.com/findcare/covid19/testing?ban=covid_hp_cause2,by appointment only,,,,,Open,2021/03/27 00:45:13+00,2021/05/27 00:37:30+00,,Yes,Yes,No,testing only,,Yes,https://dph.georgia.gov/novelcoronavirus,GA,{09885FA4-1658-4A08-A5ED-30239CD122DF},https://www.walgreens.com/findcaresvc/svc/v2/scheduling/locations/search?o=acs,Paulding,no,,no,,,molecular,offsite lab,no,Yes,Retail,,,3,No,No,,,Yes,https://dph.georgia.gov/covid-vaccine,,
-84.79267096,34.19932461,64680,,Walgreens,"954 JOE FRANK HARRIS PKWY, Cartersville, Georgia 30120",Cartersville,Walgreens,Private,,https://www.walgreens.com/findcare/covid19/testing?ban=covid_hp_cause2,by appointment only,,,,,Open,2021/03/27 00:45:13+00,2021/05/27 00:37:30+00,,Yes,Yes,No,testing only,,Yes,https://dph.georgia.gov/novelcoronavirus,GA,{8DBE3DEA-591A-4F07-9E14-BA0CF23438E4},https://www.walgreens.com/findcaresvc/svc/v2/scheduling/locations/search?o=acs,Bartow,no,,no,,,molecular,offsite lab,no,Yes,Retail,,,3,No,No,,,Yes,https://dph.georgia.gov/covid-vaccine,,
-82.24262997,31.30542456,64681,,Walgreens,"3537 US HIGHWAY 84, Blackshear, Georgia 31516",Blackshear,Walgreens,Private,,https://www.walgreens.com/findcare/covid19/testing?ban=covid_hp_cause2,by appointment only,,,,,Open,2021/03/27 00:45:14+00,2021/05/27 00:37:30+00,,Yes,Yes,No,testing only,,Yes,https://dph.georgia.gov/novelcoronavirus,GA,{D4C0C4B4-8DD4-42D0-8F2F-3FE4290F9DAF},https://www.walgreens.com/findcaresvc/svc/v2/scheduling/locations/search?o=acs,Pierce,no,,no,,,molecular,offsite lab,no,Yes,Retail,,,3,No,No,,,Yes,https://dph.georgia.gov/covid-vaccine,,
-81.10277108,32.03561873,64682,,Walgreens,"4600 HABERSHAM STREET, Savannah, Georgia 31405",Savannah,Walgreens,Private,,https://www.walgreens.com/findcare/covid19/testing?ban=covid_hp_cause2,by appointment only,,,,,Open,2021/03/27 00:45:14+00,2021/05/27 00:37:30+00,,Yes,Yes,No,testing only,,Yes,https://dph.georgia.gov/novelcoronavirus,GA,{C32C8443-7E86-446F-A390-9617CB58E2CD},https://www.walgreens.com/findcaresvc/svc/v2/scheduling/locations/search?o=acs,Chatham,no,,no,,,molecular,offsite lab,no,Yes,Retail,,,3,No,No,,,Yes,https://dph.georgia.gov/covid-vaccine,,
-82.09107935,33.48185041,64683,,Walgreens,"3650 WHEELER RD, Augusta, Georgia 30909",Augusta,Walgreens,Private,,https://www.walgreens.com/findcare/covid19/testing?ban=covid_hp_cause2,by appointment only,,,,,Open,2021/03/27 00:45:14+00,2021/05/27 00:37:30+00,,Yes,Yes,No,testing only,,Yes,https://dph.georgia.gov/novelcoronavirus,GA,{E71DDAF3-C3A9-49B2-B8C2-B4A9A4EACFEB},https://www.walgreens.com/findcaresvc/svc/v2/scheduling/locations/search?o=acs,Richmond,no,,no,,,antigen,point-of-care,no,Yes,Retail,,,3,Yes,No,,,Yes,https://dph.georgia.gov/covid-vaccine,,
-82.0355694,33.47045399,64684,,Walgreens,"2803 WRIGHTSBORO RD, Augusta, Georgia 30909",Augusta,Walgreens,Private,,https://www.walgreens.com/findcare/covid19/testing?ban=covid_hp_cause2,by appointment only,,,,,Open,2021/03/27 00:45:14+00,2021/05/27 00:37:30+00,,Yes,Yes,No,testing only,,Yes,https://dph.georgia.gov/novelcoronavirus,GA,{4C00353E-FDB1-4B0A-B933-28C89E3A8B4E},https://www.walgreens.com/findcaresvc/svc/v2/scheduling/locations/search?o=acs,Richmond,no,,no,,,molecular,offsite lab,no,Yes,Retail,,,3,No,No,,,Yes,https://dph.georgia.gov/covid-vaccine,,
-84.47624028,33.86506168,64685,,Walgreens,"2498 CUMBERLAND PARKWAY SE, Atlanta, Georgia 30339",Atlanta,Walgreens,Private,,https://www.walgreens.com/findcare/covid19/testing?ban=covid_hp_cause2,by appointment only,,,,,Open,2021/03/27 00:45:14+00,2021/05/27 00:37:30+00,,Yes,Yes,No,testing only,,Yes,https://dph.georgia.gov/novelcoronavirus,GA,{A3808701-0E99-4A40-BCB5-5F6EEC44D240},https://www.walgreens.com/findcaresvc/svc/v2/scheduling/locations/search?o=acs,Cobb,no,,no,,,molecular,offsite lab,no,Yes,Retail,,,3,No,No,,,Yes,https://dph.georgia.gov/covid-vaccine,,
